y_true,y_proba,y_pred
1,0.20294172,0
0,0.21442993,0
0,0.06571303,0
0,0.694114,1
0,0.4782658,0
0,0.3263521,0
0,0.53912723,0
0,0.32926014,0
0,0.5323698,0
0,0.14260365,0
1,0.86667395,1
0,0.14702994,0
0,0.48156312,0
0,0.64678174,1
1,0.48016492,0
0,0.18290018,0
1,0.8146145,1
1,0.86350924,1
1,0.64608526,1
0,0.5024272,0
0,0.089230075,0
1,0.7249363,1
0,0.06468465,0
1,0.43851668,0
1,0.60993063,1
0,0.067453876,0
1,0.83990735,1
0,0.23524587,0
0,0.630392,1
0,0.3106765,0
1,0.38767594,0
1,0.613939,1
0,0.47942042,0
1,0.2884335,0
1,0.50403947,0
1,0.70210034,1
1,0.3454718,0
1,0.5078327,0
1,0.6881042,1
0,0.34660748,0
0,0.15551764,0
0,0.38196898,0
0,0.35405213,0
1,0.71096975,1
0,0.24639562,0
0,0.17672846,0
1,0.76046216,1
1,0.5176698,0
0,0.59901935,1
1,0.76016134,1
0,0.05018784,0
0,0.51487356,0
0,0.21176198,0
0,0.1446695,0
1,0.871649,1
1,0.48729137,0
1,0.52292794,0
0,0.8219601,1
1,0.2662694,0
1,0.55114764,1
1,0.82105786,1
1,0.82904613,1
1,0.68116957,1
1,0.94022715,1
1,0.7069662,1
0,0.15755457,0
0,0.13435727,0
1,0.93342,1
0,0.21837004,0
1,0.4512606,0
1,0.6501584,1
1,0.6987238,1
0,0.3520801,0
0,0.14815357,0
0,0.23513694,0
1,0.774806,1
1,0.85018426,1
1,0.47697586,0
0,0.109135926,0
1,0.8770119,1
0,0.63258016,1
1,0.7073955,1
1,0.88163733,1
0,0.071523234,0
1,0.5928335,1
0,0.05979712,0
0,0.2653798,0
1,0.5450562,1
0,0.6638147,1
1,0.43288687,0
1,0.5147767,0
1,0.79655814,1
0,0.74223673,1
1,0.91799027,1
0,0.6835016,1
1,0.79893285,1
0,0.1219809,0
1,0.8907743,1
1,0.52975225,0
0,0.091325566,0
0,0.09370552,0
1,0.34039062,0
1,0.30044705,0
1,0.6606847,1
1,0.65649563,1
0,0.68345827,1
1,0.33733866,0
0,0.6124094,1
0,0.5143982,0
0,0.036500387,0
1,0.7183196,1
1,0.8371428,1
0,0.008561309,0
1,0.86565393,1
0,0.48834655,0
0,0.884756,1
0,0.23164882,0
1,0.81755537,1
1,0.5052022,0
0,0.5160774,0
1,0.87415653,1
1,0.35258225,0
1,0.43689767,0
1,0.74226207,1
1,0.42012104,0
0,0.30605963,0
0,0.6524455,1
1,0.93522644,1
0,0.01409004,0
0,0.066437386,0
0,0.18012162,0
0,0.11133472,0
1,0.7288311,1
0,0.47057655,0
1,0.878721,1
1,0.8604451,1
1,0.19411199,0
0,0.07166069,0
1,0.70666575,1
0,0.6672137,1
0,0.1934753,0
0,0.46528164,0
0,0.56748265,1
1,0.7779529,1
1,0.55697423,1
1,0.68915087,1
1,0.8831154,1
0,0.40446818,0
1,0.6385417,1
0,0.2572162,0
0,0.13624942,0
1,0.6117713,1
0,0.48477218,0
0,0.19603841,0
1,0.8377465,1
0,0.2243033,0
0,0.15535997,0
1,0.77750045,1
1,0.73607045,1
0,0.15095091,0
1,0.41938996,0
1,0.42458645,0
0,0.5705705,1
1,0.9034893,1
0,0.4058011,0
1,0.84989303,1
0,0.24393578,0
0,0.42577815,0
1,0.76473963,1
0,0.5584277,1
1,0.36507994,0
0,0.11369793,0
1,0.91923857,1
1,0.8769939,1
0,0.51056916,0
0,0.47366333,0
1,0.87027186,1
1,0.5689676,1
1,0.36790082,0
0,0.46649313,0
1,0.69358236,1
1,0.22685274,0
0,0.34694797,0
1,0.8828373,1
1,0.8934867,1
0,0.0106118675,0
1,0.7732424,1
0,0.6873541,1
1,0.856086,1
1,0.648678,1
1,0.8135385,1
1,0.88597125,1
1,0.46247962,0
0,0.7662127,1
1,0.8441595,1
1,0.9023629,1
1,0.7698147,1
1,0.57177687,1
1,0.6989349,1
0,0.7679064,1
0,0.2314917,0
1,0.63295275,1
1,0.77733046,1
1,0.8626926,1
1,0.958115,1
0,0.311062,0
1,0.9732434,1
0,0.1364786,0
1,0.7020811,1
0,0.5745307,1
1,0.5989226,1
1,0.67434764,1
0,0.13991252,0
1,0.90474904,1
0,0.25617766,0
0,0.27241793,0
1,0.6379402,1
0,0.082428426,0
1,0.8736255,1
0,0.3668881,0
0,0.38088593,0
1,0.7916841,1
1,0.69801885,1
1,0.65602463,1
0,0.1792508,0
0,0.48779246,0
1,0.88738513,1
1,0.7416618,1
0,0.49015102,0
1,0.70534045,1
0,0.49904186,0
0,0.22488046,0
0,0.32748935,0
0,0.45154995,0
0,0.41620436,0
0,0.5634975,1
1,0.87126976,1
1,0.84837604,1
0,0.8835953,1
1,0.83075964,1
0,0.21145819,0
0,0.40550786,0
1,0.41170412,0
1,0.8196572,1
1,0.7714587,1
0,0.06839295,0
1,0.15941176,0
1,0.82399017,1
1,0.73436636,1
1,0.9049427,1
0,0.4657269,0
1,0.7919285,1
0,0.34141782,0
0,0.2378637,0
0,0.21298218,0
1,0.6583921,1
0,0.34127906,0
0,0.1997632,0
0,0.09358873,0
1,0.7681581,1
1,0.37585422,0
1,0.6568067,1
0,0.21592192,0
0,0.3654632,0
1,0.79721797,1
0,0.18723556,0
0,0.15770122,0
0,0.09000459,0
1,0.93741256,1
0,0.38999882,0
1,0.51266223,0
1,0.66956437,1
0,0.44995952,0
0,0.34560683,0
0,0.7666988,1
1,0.5458359,1
0,0.7020104,1
0,0.4410382,0
1,0.56141126,1
1,0.7849927,1
0,0.38336945,0
1,0.85187024,1
1,0.6326279,1
0,0.6849926,1
0,0.50831157,0
0,0.040002674,0
1,0.770006,1
1,0.55288553,1
0,0.43183511,0
1,0.46539122,0
1,0.495499,0
0,0.13766974,0
1,0.86299765,1
1,0.75058967,1
0,0.2521875,0
0,0.2532509,0
1,0.17565829,0
1,0.32830235,0
1,0.09194773,0
0,0.78677595,1
1,0.87706083,1
0,0.6311647,1
1,0.8688828,1
1,0.7885082,1
1,0.15343744,0
1,0.44485813,0
0,0.24085368,0
1,0.76605564,1
0,0.53849566,0
0,0.33347297,0
1,0.8236522,1
1,0.6264267,1
0,0.40191343,0
0,0.4232282,0
1,0.18621948,0
1,0.7848076,1
0,0.6498392,1
1,0.4639301,0
0,0.6234714,1
0,0.112350404,0
0,0.095489465,0
1,0.68778074,1
0,0.18786897,0
1,0.8089323,1
1,0.8013263,1
0,0.8454726,1
0,0.4259779,0
1,0.7500875,1
0,0.13420969,0
1,0.4235677,0
1,0.16273606,0
0,0.469992,0
1,0.79870254,1
1,0.9093174,1
0,0.109207995,0
0,0.442966,0
0,0.36945578,0
1,0.6559807,1
1,0.59175843,1
1,0.65672356,1
1,0.27867192,0
0,0.3924632,0
1,0.73816645,1
1,0.49348456,0
0,0.065455,0
0,0.03869562,0
1,0.32456565,0
1,0.6175223,1
0,0.6010975,1
0,0.46934474,0
0,0.9239149,1
0,0.068892665,0
1,0.87719434,1
0,0.39474547,0
0,0.29430386,0
1,0.8946398,1
0,0.06459577,0
0,0.35842913,0
1,0.7448533,1
1,0.33879197,0
0,0.5634532,1
1,0.74662495,1
0,0.3259063,0
0,0.28744245,0
0,0.082691826,0
1,0.63594025,1
0,0.081906945,0
0,0.39618254,0
0,0.033958565,0
0,0.103897855,0
1,0.22799969,0
0,0.21297207,0
0,0.70742977,1
0,0.6085338,1
1,0.6328958,1
0,0.5125479,0
0,0.16713007,0
1,0.8831801,1
0,0.63818085,1
0,0.47972062,0
1,0.62925524,1
0,0.78213394,1
0,0.6143694,1
0,0.16707027,0
1,0.6491313,1
1,0.5555955,1
0,0.018001372,0
0,0.12778665,0
1,0.72062486,1
1,0.5141183,0
1,0.76780564,1
1,0.4104145,0
1,0.11709,0
0,0.34011814,0
1,0.69092757,1
0,0.12632512,0
1,0.9516092,1
1,0.77094287,1
0,0.22041313,0
1,0.7307656,1
0,0.16470169,0
0,0.26840118,0
1,0.776299,1
0,0.47853875,0
1,0.51040345,0
1,0.33077043,0
0,0.25192288,0
1,0.290686,0
1,0.7945643,1
1,0.5379059,0
0,0.4800355,0
1,0.7210413,1
1,0.87597793,1
0,0.004734645,0
0,0.27015108,0
1,0.08119723,0
1,0.47832307,0
0,0.048794474,0
0,0.014269755,0
0,0.10673509,0
0,0.7008481,1
0,0.3724447,0
0,0.45022908,0
1,0.7946823,1
1,0.23436658,0
0,0.51729465,0
1,0.6980421,1
0,0.071408734,0
0,0.20647995,0
0,0.44464138,0
1,0.40646404,0
1,0.8098595,1
1,0.42724976,0
1,0.752901,1
0,0.43758795,0
0,0.63712835,1
1,0.8525184,1
0,0.6374781,1
0,0.014192861,0
0,0.52898675,0
1,0.50733984,0
0,0.500344,0
0,0.7816762,1
0,0.3608573,0
1,0.76076365,1
0,0.22259948,0
1,0.69410604,1
0,0.6146865,1
1,0.7192062,1
1,0.668754,1
1,0.91365725,1
1,0.75138634,1
0,0.7981626,1
0,0.45804873,0
0,0.87971133,1
1,0.47449455,0
0,0.5865645,1
1,0.9712602,1
0,0.029487863,0
0,0.36691016,0
0,0.58291554,1
0,0.2561021,0
1,0.79782516,1
1,0.62915045,1
1,0.8828313,1
0,0.7842897,1
1,0.92946875,1
0,0.45734784,0
0,0.6055425,1
0,0.22993772,0
0,0.4654208,0
0,0.4875538,0
0,0.28467652,0
1,0.2961396,0
1,0.7650336,1
1,0.64530015,1
0,0.39049256,0
1,0.8079136,1
0,0.054905895,0
0,0.25137618,0
0,0.23102963,0
1,0.21327482,0
1,0.41904595,0
1,0.48388562,0
1,0.6173175,1
1,0.28792667,0
0,0.48487538,0
0,0.13109088,0
1,0.48906,0
1,0.89152914,1
1,0.7996885,1
0,0.3011114,0
1,0.6957205,1
0,0.21033189,0
0,0.1430923,0
0,0.44660634,0
1,0.6684242,1
0,0.33807588,0
1,0.66133004,1
1,0.6619437,1
1,0.8726096,1
0,0.70035005,1
0,0.08039291,0
0,0.105753705,0
0,0.04896143,0
1,0.10720786,0
1,0.78757966,1
0,0.10466552,0
1,0.67810667,1
0,0.011653253,0
1,0.58515316,1
0,0.075992905,0
1,0.7772381,1
0,0.24542636,0
1,0.76549345,1
0,0.47094384,0
1,0.55556303,1
1,0.7633736,1
0,0.36175233,0
0,0.09163817,0
1,0.21196303,0
0,0.3087276,0
1,0.7166091,1
0,0.3130213,0
0,0.26906884,0
1,0.76481855,1
0,0.4639706,0
0,0.16528748,0
0,0.09159877,0
0,0.29906923,0
1,0.4884339,0
0,0.5471947,1
1,0.66268635,1
1,0.31220356,0
0,0.12076573,0
0,0.10950071,0
1,0.9544823,1
1,0.8094884,1
1,0.82601655,1
1,0.95096546,1
1,0.851561,1
1,0.6896995,1
1,0.15239109,0
0,0.35447547,0
0,0.38378605,0
0,0.526235,0
1,0.9293207,1
0,0.4800215,0
0,0.22260198,0
1,0.80855215,1
1,0.63659227,1
0,0.67056906,1
0,0.48609897,0
1,0.19940329,0
0,0.025280008,0
1,0.9449124,1
0,0.5290863,0
0,0.6718284,1
1,0.9204944,1
0,0.07050056,0
1,0.5488082,1
1,0.52599925,0
0,0.43947512,0
1,0.47959557,0
0,0.10668248,0
0,0.678549,1
1,0.36810943,0
0,0.1699215,0
0,0.24519524,0
1,0.68575686,1
0,0.85657614,1
0,0.09018599,0
0,0.45880398,0
1,0.91871333,1
1,0.8791149,1
1,0.8031884,1
1,0.18792032,0
0,0.08598445,0
0,0.12912314,0
0,0.08258667,0
1,0.59653115,1
0,0.35638884,0
1,0.94263595,1
0,0.49726406,0
1,0.87532693,1
1,0.56713665,1
0,0.106637724,0
1,0.6943903,1
0,0.2507748,0
0,0.49273902,0
1,0.48068166,0
1,0.7327256,1
1,0.7725141,1
1,0.2902098,0
0,0.30496085,0
0,0.08132822,0
1,0.8115849,1
0,0.2895419,0
0,0.41018286,0
0,0.47642502,0
0,0.026821291,0
1,0.87731665,1
1,0.46499693,0
0,0.5403272,1
0,0.8540996,1
0,0.095963776,0
1,0.774187,1
1,0.85533565,1
0,0.06058062,0
0,0.12322597,0
1,0.56402904,1
0,0.16910726,0
0,0.6130902,1
0,0.3354367,0
0,0.2845638,0
0,0.20033298,0
1,0.68218553,1
1,0.49485508,0
0,0.056307238,0
1,0.74735576,1
0,0.15176311,0
1,0.6134592,1
1,0.12299862,0
0,0.1516479,0
1,0.3790136,0
0,0.30121562,0
0,0.35795218,0
0,0.35439944,0
0,0.25066525,0
0,0.59364134,1
0,0.20744541,0
1,0.6884042,1
0,0.46110898,0
0,0.26292515,0
0,0.81376463,1
1,0.7421323,1
0,0.124359906,0
0,0.23181392,0
1,0.7310678,1
0,0.19298409,0
0,0.60392004,1
0,0.43225855,0
0,0.171541,0
1,0.8613527,1
1,0.6484816,1
0,0.20895304,0
0,0.4661583,0
1,0.5414739,1
1,0.22860157,0
0,0.3600926,0
1,0.63186526,1
1,0.8363426,1
1,0.5652657,1
1,0.75594336,1
0,0.7127169,1
1,0.5492589,1
0,0.09450518,0
1,0.58759767,1
1,0.84008,1
0,0.34207377,0
0,0.24866183,0
0,0.21321489,0
1,0.6930892,1
1,0.67337203,1
0,0.47697008,0
0,0.6241014,1
1,0.3090945,0
1,0.5225104,0
0,0.3618289,0
1,0.63960093,1
1,0.6595761,1
0,0.044062443,0
0,0.4145952,0
0,0.11123237,0
1,0.68190217,1
1,0.6511893,1
0,0.7255209,1
0,0.24898712,0
0,0.66882086,1
1,0.5719715,1
0,0.6252572,1
0,0.12427765,0
1,0.74599344,1
1,0.523512,0
0,0.18973584,0
0,0.6403806,1
0,0.516417,0
0,0.7160497,1
1,0.82891464,1
0,0.37352926,0
1,0.724406,1
1,0.5713835,1
0,0.43714663,0
0,0.11532885,0
0,0.6906696,1
0,0.0027209993,0
1,0.5889089,1
1,0.21586762,0
1,0.17465752,0
1,0.4819147,0
0,0.25146505,0
1,0.5345937,0
1,0.96796966,1
1,0.90164864,1
1,0.7399294,1
1,0.16463208,0
0,0.5775332,1
1,0.6066589,1
1,0.6948065,1
0,0.71724844,1
0,0.1135552,0
0,0.83739,1
1,0.70423204,1
0,0.16067167,0
1,0.2661723,0
1,0.6696914,1
0,0.5451342,1
1,0.78884935,1
1,0.25527367,0
0,0.46988374,0
1,0.4671991,0
1,0.84825045,1
0,0.43923792,0
1,0.5670026,1
1,0.39547548,0
0,0.3096009,0
0,0.76186067,1
0,0.3120898,0
1,0.5553866,1
0,0.13279879,0
1,0.5677721,1
1,0.67184585,1
1,0.9222152,1
1,0.93104476,1
0,0.7317381,1
0,0.3531428,0
1,0.7829188,1
0,0.22144058,0
1,0.83023834,1
1,0.7695688,1
1,0.8217736,1
1,0.9248142,1
1,0.87070644,1
0,0.25588274,0
0,0.14064775,0
0,0.38981253,0
0,0.4861676,0
1,0.77811956,1
1,0.7269678,1
0,0.32839006,0
0,0.24960533,0
1,0.80269516,1
0,0.13283306,0
0,0.56057173,1
1,0.8422333,1
1,0.7753154,1
0,0.5679652,1
1,0.63720864,1
0,0.26198444,0
0,0.531181,0
0,0.35109606,0
1,0.80143976,1
0,0.330997,0
1,0.36341444,0
0,0.7080158,1
0,0.41350606,0
1,0.9600326,1
1,0.62248325,1
1,0.7619722,1
1,0.70172286,1
0,0.2598372,0
1,0.60409045,1
0,0.3381817,0
0,0.048875365,0
1,0.25722384,0
0,0.39644957,0
0,0.2652672,0
0,0.27368334,0
1,0.7977419,1
1,0.8227105,1
0,0.16107474,0
0,0.3273586,0
1,0.8810023,1
0,0.4733221,0
0,0.24953702,0
0,0.2862937,0
0,0.2830893,0
0,0.061107337,0
0,0.5086078,0
0,0.24644445,0
1,0.4674786,0
1,0.64590836,1
1,0.17823207,0
1,0.16640227,0
0,0.32167044,0
0,0.46931145,0
1,0.6989364,1
0,0.8082947,1
1,0.95687866,1
0,0.052186426,0
0,0.32258686,0
0,0.091771945,0
0,0.07384215,0
0,0.089138255,0
0,0.33763435,0
0,0.30899155,0
0,0.8099344,1
0,0.50233495,0
1,0.9775044,1
1,0.45706734,0
0,0.61336035,1
1,0.6834561,1
1,0.82650506,1
0,0.14604652,0
0,0.13378404,0
1,0.27096593,0
0,0.46699703,0
1,0.9014482,1
1,0.60814,1
1,0.57229066,1
1,0.8333007,1
1,0.76649743,1
0,0.09962368,0
0,0.5600349,1
0,0.17459197,0
1,0.46403328,0
1,0.48573655,0
0,0.19865496,0
1,0.87224764,1
1,0.7669659,1
1,0.8518057,1
1,0.7507373,1
1,0.92504644,1
0,0.45772415,0
0,0.742709,1
1,0.43622836,0
1,0.8070359,1
0,0.5628582,1
1,0.78192824,1
1,0.8019828,1
1,0.48929462,0
1,0.913288,1
1,0.84912306,1
0,0.47745627,0
1,0.9674855,1
1,0.6088799,1
0,0.6653571,1
1,0.13517444,0
0,0.0301121,0
1,0.04175435,0
0,0.22131321,0
0,0.30868933,0
1,0.7339215,1
0,0.3280998,0
0,0.13600329,0
0,0.22602099,0
0,0.7657509,1
0,0.4661526,0
0,0.41506115,0
1,0.83743566,1
1,0.5958293,1
1,0.849206,1
1,0.9554541,1
0,0.36269596,0
0,0.42468235,0
1,0.76155865,1
1,0.99390876,1
1,0.70625824,1
0,0.46539545,0
0,0.3310277,0
1,0.33141536,0
1,0.86549574,1
1,0.653712,1
1,0.69917697,1
1,0.38496086,0
0,0.37547794,0
0,0.6371474,1
0,0.111537464,0
1,0.8956682,1
0,0.081266485,0
0,0.90695125,1
1,0.8029421,1
1,0.9115678,1
1,0.9184307,1
0,0.5231587,0
1,0.5139459,0
0,0.153612,0
0,0.50525445,0
0,0.12774168,0
1,0.7274931,1
1,0.67269814,1
1,0.22678342,0
0,0.64538634,1
1,0.7691702,1
1,0.37914735,0
0,0.50404036,0
0,0.25319868,0
1,0.46856403,0
1,0.6873237,1
1,0.50948304,0
1,0.18772484,0
0,0.5067169,0
0,0.5389401,0
1,0.28691602,0
1,0.9780026,1
1,0.6566218,1
1,0.7492996,1
1,0.41137445,0
1,0.5347689,0
1,0.32896635,0
1,0.80487263,1
1,0.97865546,1
0,0.33235583,0
0,0.1440169,0
0,0.13582192,0
1,0.87414134,1
0,0.5209274,0
1,0.3878112,0
0,0.50533205,0
0,0.6984327,1
1,0.7397221,1
1,0.6745367,1
1,0.44696257,0
0,0.43070036,0
0,0.6477325,1
1,0.75715786,1
1,0.717013,1
1,0.36461517,0
0,0.13043241,0
0,0.2457764,0
1,0.32018092,0
0,0.6685692,1
0,0.45083925,0
0,0.79327774,1
0,0.040953014,0
1,0.72092307,1
1,0.22106944,0
1,0.45683908,0
1,0.20518155,0
0,0.079269454,0
1,0.1374374,0
1,0.37637737,0
1,0.80699295,1
1,0.6968276,1
1,0.12917277,0
1,0.28066063,0
0,0.447984,0
0,0.12779073,0
1,0.7524299,1
1,0.6361024,1
1,0.9044942,1
1,0.5207305,0
1,0.64502823,1
0,0.15587424,0
0,0.72354054,1
0,0.55209523,1
1,0.14017282,0
1,0.3600015,0
0,0.073046155,0
1,0.65482956,1
0,0.13262099,0
0,0.21600589,0
1,0.39535192,0
0,0.6929887,1
0,0.4564049,0
0,0.11749209,0
1,0.60575104,1
0,0.49817443,0
0,0.04241503,0
1,0.6053687,1
0,0.30086094,0
0,0.69430083,1
0,0.28909782,0
0,0.12337531,0
0,0.7489775,1
0,0.31440008,0
0,0.16073294,0
0,0.83263254,1
1,0.72064507,1
0,0.11133796,0
1,0.34472963,0
1,0.58340687,1
0,0.48263824,0
0,0.14120495,0
0,0.30401915,0
0,0.23588188,0
0,0.704499,1
1,0.85099566,1
1,0.907232,1
0,0.08689689,0
0,0.42330682,0
1,0.9990277,1
0,0.09165645,0
0,0.5398528,0
1,0.4812885,0
0,0.60916924,1
1,0.5112413,0
1,0.26234552,0
0,0.7432151,1
0,0.16638316,0
0,0.28051636,0
0,0.4503489,0
1,0.48586258,0
1,0.8679432,1
0,0.49663717,0
1,0.5838286,1
1,0.85164165,1
1,0.9602121,1
1,0.48391965,0
1,0.15645798,0
0,0.48590475,0
0,0.027264189,0
0,0.24546324,0
1,0.5971162,1
0,0.15656148,0
0,0.34399036,0
1,0.69857484,1
0,0.2879753,0
0,0.08927162,0
0,0.34866488,0
0,0.7416297,1
0,0.86825615,1
0,0.5465194,1
1,0.8034252,1
0,0.80137265,1
1,0.4811042,0
0,0.3365852,0
1,0.63553506,1
0,0.2469907,0
1,0.5705769,1
0,0.055654444,0
0,0.40091857,0
0,0.2599349,0
1,0.8268979,1
1,0.8708588,1
1,0.19310407,0
1,0.5753518,1
0,0.49870458,0
0,0.15697621,0
0,0.27114937,0
1,0.915906,1
1,0.14677808,0
1,0.58271027,1
1,0.859469,1
1,0.5775441,1
1,0.6119485,1
1,0.3221787,0
0,0.06702117,0
0,0.6384041,1
0,0.16904108,0
1,0.3380348,0
1,0.29176825,0
1,0.18715587,0
0,0.47616962,0
0,0.47138005,0
0,0.7257475,1
0,0.28347442,0
0,0.49954504,0
0,0.38856858,0
0,0.3367369,0
1,0.8496956,1
0,0.7709834,1
1,0.5404067,1
0,0.50476325,0
1,0.5035667,0
0,0.8487052,1
0,0.020491302,0
1,0.8410949,1
1,0.2966239,0
0,0.37826,0
1,0.814472,1
1,0.90966624,1
0,0.19257239,0
0,0.62491435,1
1,0.9610157,1
1,0.86304,1
1,0.47621927,0
1,0.5891302,1
1,0.9031465,1
1,0.5024053,0
0,0.28911492,0
0,0.1962351,0
1,0.45057786,0
0,0.07170787,0
1,0.24192773,0
0,0.13463706,0
0,0.59345025,1
0,0.5822977,1
1,0.24492034,0
0,0.09632822,0
0,0.22062501,0
1,0.7885932,1
1,0.44530568,0
0,0.15724783,0
0,0.1547915,0
0,0.42283633,0
1,0.7115081,1
0,0.556625,1
1,0.040470418,0
1,0.8427023,1
1,0.7440452,1
0,0.03946416,0
0,0.08580353,0
0,0.62090063,1
1,0.9298875,1
1,0.5469748,1
1,0.83567864,1
0,0.12087217,0
0,0.2016522,0
0,0.53599626,0
0,0.21784925,0
1,0.5333226,0
0,0.059503883,0
0,0.39371124,0
1,0.95503837,1
0,0.25014517,0
1,0.6122081,1
1,0.2214653,0
0,0.46516576,0
0,0.6988466,1
0,0.24178715,0
0,0.13684332,0
0,0.5494266,1
1,0.66366714,1
1,0.607722,1
0,0.07113264,0
1,0.636044,1
0,0.1764707,0
0,0.10734179,0
1,0.6777522,1
1,0.70910186,1
1,0.83400214,1
1,0.5585311,1
0,0.55431056,1
0,0.44303316,0
1,0.41806749,0
0,0.15279132,0
1,0.45726246,0
0,0.20806994,0
1,0.5390478,0
0,0.1661166,0
1,0.81141967,1
1,0.87008584,1
0,0.41275793,0
0,0.62393624,1
1,0.63872015,1
0,0.15137377,0
1,0.6265547,1
0,0.13950223,0
1,0.8450035,1
0,0.040169176,0
0,0.35899153,0
0,0.73427075,1
0,0.4315392,0
1,0.12236154,0
1,0.6568453,1
1,0.53120357,0
1,0.45043758,0
0,0.12035582,0
0,0.5003396,0
0,0.3130231,0
1,0.9161899,1
1,0.48552147,0
1,0.5000859,0
0,0.4657278,0
0,0.46860233,0
0,0.3281199,0
1,0.8859722,1
0,0.030059665,0
0,0.37191832,0
0,0.45840105,0
1,0.94802266,1
0,0.74438995,1
0,0.42286673,0
1,0.9108138,1
0,0.25500375,0
1,0.55478,1
0,0.158744,0
0,0.5031187,0
1,0.5042414,0
0,0.7902743,1
0,0.15222357,0
1,0.5370303,0
0,0.25248954,0
0,0.00872314,0
1,0.7100944,1
0,0.8267626,1
0,0.052743696,0
0,0.35137203,0
0,0.109167226,0
1,0.66873664,1
0,0.22490369,0
1,0.67673314,1
1,0.28460556,0
1,0.695149,1
1,0.5250616,0
1,0.7510853,1
0,0.08184793,0
1,0.69275725,1
1,0.7626363,1
1,0.5006263,0
0,0.043681376,0
1,0.7658446,1
0,0.042466734,0
0,0.66756934,1
1,0.9133821,1
0,0.06816686,0
0,0.1798224,0
0,0.53557736,0
1,0.653453,1
0,0.19977264,0
1,0.9353173,1
0,0.65803117,1
1,0.77544296,1
0,0.0024120628,0
1,0.747738,1
1,0.9278093,1
1,0.593778,1
1,0.9511561,1
1,0.80969995,1
1,0.89493614,1
0,0.29107648,0
1,0.73096764,1
1,0.74978715,1
0,0.3743949,0
0,0.48667136,0
0,0.07107638,0
0,0.3453292,0
0,0.057222288,0
1,0.8585898,1
1,0.47005388,0
0,0.16979057,0
0,0.14270145,0
0,0.15738304,0
1,0.8091436,1
1,0.68602484,1
1,0.91277564,1
0,0.511422,0
0,0.16570964,0
1,0.51141876,0
1,0.6418984,1
1,0.5061888,0
1,0.5908346,1
1,0.6509455,1
1,0.82436556,1
0,0.4329348,0
0,0.45713747,0
1,0.9101857,1
1,0.85882854,1
0,0.22417037,0
0,0.3766884,0
1,0.92916876,1
0,0.33592442,0
1,0.43669078,0
0,0.1891999,0
0,0.2003499,0
0,0.13927954,0
0,0.43372107,0
0,0.8183489,1
1,0.33503062,0
1,0.57128483,1
1,0.35244334,0
1,0.83526146,1
0,0.0809503,0
0,0.026840923,0
0,0.59214175,1
1,0.9290319,1
1,0.5676492,1
0,0.08692048,0
1,0.7242526,1
0,0.35233656,0
1,0.63457334,1
1,0.5756709,1
1,0.7092391,1
0,0.50055164,0
0,0.21284725,0
0,0.059744544,0
0,0.7508307,1
1,0.51805043,0
1,0.95825833,1
0,0.41332805,0
0,0.12684523,0
0,0.48487538,0
0,0.7027651,1
1,0.54626054,1
0,0.6616043,1
1,0.60106695,1
1,0.5665012,1
1,0.9730189,1
1,0.7769028,1
0,0.15285148,0
1,0.7371676,1
1,0.52054626,0
1,0.31678164,0
0,0.97713864,1
1,0.81675214,1
0,0.17081307,0
0,0.23541678,0
0,0.49960703,0
0,0.19575052,0
1,0.71123046,1
1,0.5877226,1
0,0.22764319,0
0,0.40279648,0
0,0.18713945,0
0,0.47221848,0
1,0.54903144,1
1,0.8919333,1
1,0.1996854,0
1,0.65068847,1
1,0.99778396,1
1,0.6171897,1
1,0.7744868,1
0,0.479004,0
1,0.64193887,1
1,0.34255138,0
1,0.6605442,1
1,0.42029965,0
0,0.16912451,0
0,0.062966645,0
0,0.49796247,0
1,0.6980777,1
1,0.5123596,0
1,0.73659503,1
0,0.59980106,1
0,0.35229793,0
0,0.48648688,0
1,0.23061821,0
1,0.8361883,1
1,0.5147789,0
0,0.09765492,0
1,0.65563035,1
1,0.4134438,0
1,0.4120107,0
1,0.62886685,1
0,0.2626875,0
0,0.85336703,1
0,0.4748776,0
1,0.48461398,0
0,0.51964056,0
0,0.32469288,0
1,0.8523053,1
1,0.5232964,0
0,0.24616262,0
1,0.45669308,0
0,0.49653926,0
0,0.09101927,0
0,0.04318026,0
0,0.76072025,1
1,0.79130894,1
0,0.040393125,0
0,0.5378475,0
1,0.64107066,1
0,0.21171997,0
1,0.7841325,1
0,0.53658926,0
1,0.5416525,1
0,0.32985488,0
1,0.55101067,1
1,0.6797528,1
1,0.6279214,1
0,0.2822063,0
1,0.8141859,1
0,0.3330521,0
0,0.13373752,0
0,0.27954966,0
0,0.32439455,0
0,0.061978936,0
0,0.21443465,0
0,0.60689694,1
0,0.59096014,1
1,0.6228136,1
1,0.3524358,0
1,0.809971,1
0,0.79558533,1
0,0.35177782,0
0,0.51725775,0
1,0.913455,1
0,0.37185988,0
0,0.85751206,1
0,0.05271272,0
0,0.35937452,0
1,0.9731907,1
1,0.8885228,1
0,0.21003453,0
1,0.8539779,1
1,0.61971337,1
1,0.8546691,1
0,0.05475135,0
1,0.6867133,1
0,0.49460042,0
0,0.4112725,0
0,0.2760524,0
1,0.83270645,1
1,0.8610422,1
0,0.016464686,0
0,0.2870458,0
1,0.77373785,1
1,0.68180734,1
0,0.108087614,0
1,0.33863157,0
1,0.872876,1
0,0.25213632,0
0,0.52102476,0
0,0.117729075,0
0,0.27680612,0
1,0.31354794,0
1,0.84356934,1
0,0.2919735,0
1,0.91823506,1
1,0.9668091,1
0,0.50996536,0
0,0.08446578,0
0,0.7484903,1
0,0.35536444,0
0,0.72316384,1
1,0.8372349,1
0,0.3442323,0
1,0.8965709,1
0,0.39254323,0
1,0.7725432,1
0,0.055381645,0
0,0.07987744,0
1,0.77191246,1
1,0.28381538,0
1,0.37748417,0
0,0.6428263,1
0,0.04772576,0
0,0.8172163,1
0,0.24475816,0
0,0.13619381,0
0,0.304414,0
0,0.3799303,0
0,0.36127415,0
1,0.7731189,1
0,0.3025509,0
1,0.35617402,0
1,0.6083501,1
1,0.41195583,0
1,0.5136565,0
0,0.4788104,0
1,0.77779055,1
1,0.82599753,1
1,0.84970284,1
0,0.31678763,0
1,0.6549786,1
0,0.7140463,1
1,0.31482896,0
1,0.18459478,0
1,0.67154485,1
1,0.8412326,1
0,0.2490024,0
0,0.19685735,0
0,0.38261104,0
1,0.9315308,1
0,0.16315088,0
1,0.52019167,0
0,0.50238234,0
0,0.16772678,0
0,0.33048436,0
0,0.4568747,0
1,0.6008495,1
0,0.59455764,1
1,0.32509458,0
0,0.77025115,1
1,0.78887695,1
0,0.3650859,0
1,0.8604165,1
1,0.5404196,1
1,0.7100463,1
0,0.4214371,0
1,0.30290094,0
1,0.4204365,0
0,0.27080303,0
0,0.24743798,0
0,0.6206192,1
0,0.42498684,0
1,0.7668975,1
1,0.7134616,1
0,0.08352095,0
0,0.478562,0
1,0.51769197,0
0,0.04787297,0
0,0.22659166,0
0,0.11756756,0
0,0.40726218,0
0,0.24091356,0
1,0.8609078,1
1,0.8463418,1
0,0.36690503,0
1,0.71938163,1
1,0.7972826,1
1,0.39347088,0
0,0.29067594,0
1,0.8776349,1
1,0.9350054,1
0,0.4989877,0
1,0.70730865,1
1,0.75511485,1
0,0.8411726,1
1,0.8847679,1
1,0.5891725,1
1,0.49226978,0
1,0.7632465,1
0,0.08259646,0
0,0.828884,1
0,0.19928214,0
1,0.8037466,1
0,0.49032846,0
1,0.5462179,1
0,0.59549844,1
1,0.7437134,1
1,0.5759511,1
0,0.41281134,0
0,0.45671657,0
1,0.69094455,1
1,0.45733705,0
1,0.9592294,1
0,0.4902144,0
0,0.21507424,0
0,0.036697883,0
1,0.37497213,0
1,0.8907846,1
1,0.21678804,0
1,0.77879363,1
0,0.24740982,0
1,0.5937799,1
0,0.12107028,0
0,0.07845824,0
0,0.11031823,0
1,0.74617875,1
1,0.16556713,0
1,0.24772692,0
0,0.7021881,1
1,0.44760278,0
1,0.32113898,0
1,0.24932134,0
0,0.04366751,0
0,0.7030301,1
0,0.3114307,0
0,0.4440263,0
1,0.8838569,1
0,0.21064846,0
1,0.56042296,1
0,0.14564085,0
0,0.56834656,1
0,0.47242996,0
0,0.2122659,0
0,0.2788264,0
1,0.21430503,0
0,0.6810094,1
0,0.56180865,1
0,0.64446366,1
1,0.19816026,0
1,0.85967815,1
0,0.11405335,0
1,0.24906787,0
1,0.80423903,1
0,0.056825053,0
1,0.83790064,1
1,0.42632312,0
0,0.44590503,0
0,0.31805265,0
0,0.5751616,1
1,0.97029626,1
0,0.39926022,0
0,0.6549035,1
1,0.5193908,0
0,0.42654076,0
0,0.23038886,0
0,0.1139007,0
0,0.3556726,0
0,0.02080572,0
1,0.7828986,1
0,0.5634703,1
1,0.41307482,0
0,0.21762234,0
0,0.3898918,0
0,0.27428016,0
1,0.57908654,1
1,0.5859113,1
1,0.46371222,0
0,0.20879358,0
0,0.38706875,0
0,0.35504186,0
1,0.3072773,0
0,0.24626479,0
1,0.45457593,0
0,0.74497926,1
1,0.8392722,1
0,0.4340773,0
0,0.31411117,0
1,0.794096,1
0,0.28591338,0
1,0.83082235,1
1,0.84323573,1
0,0.7540044,1
1,0.9410871,1
0,0.48952785,0
1,0.27204326,0
0,0.7719503,1
0,0.22482328,0
0,0.08852084,0
0,0.106395625,0
1,0.67291796,1
0,0.20487271,0
0,0.1689816,0
0,0.34621593,0
1,0.75353485,1
0,0.35133892,0
1,0.7470961,1
1,0.5767807,1
1,0.031391148,0
0,0.23297071,0
1,0.7874119,1
0,0.1485102,0
0,0.08883861,0
0,0.3527942,0
0,0.5062873,0
1,0.8448402,1
0,0.055390883,0
1,0.6358611,1
0,0.49699032,0
1,0.7581902,1
1,0.735587,1
1,0.4692195,0
1,0.66930217,1
1,0.78238946,1
0,0.7692895,1
1,0.9577176,1
0,0.7210249,1
1,0.78353876,1
1,0.9644979,1
0,0.66139305,1
0,0.4400771,0
0,0.3392976,0
0,0.47654164,0
1,0.72537357,1
1,0.2940386,0
0,0.23486933,0
1,0.7039466,1
1,0.4565047,0
0,0.037366953,0
0,0.10301476,0
1,0.40286663,0
0,0.1462627,0
0,0.44309598,0
1,0.44254422,0
1,0.99700445,1
0,0.029140677,0
1,0.809168,1
1,0.7196048,1
0,0.70680183,1
0,0.45507848,0
1,0.6531692,1
1,0.099675275,0
1,0.7137248,1
1,0.9482158,1
0,0.14829779,0
1,0.6931546,1
0,0.59507704,1
0,0.095211565,0
0,0.4812946,0
0,0.099191494,0
1,0.51307726,0
1,0.7198324,1
1,0.6835877,1
1,0.7710158,1
0,0.42879108,0
0,0.67501134,1
0,0.06570314,0
1,0.5724457,1
1,0.7595244,1
1,0.506677,0
0,0.08062988,0
0,0.47846848,0
1,0.7883477,1
1,0.48181117,0
1,0.75915676,1
0,0.41186786,0
0,0.20953329,0
0,0.36571506,0
1,0.63647676,1
0,0.228423,0
0,0.11001444,0
0,0.75217044,1
1,0.50336236,0
0,0.5978458,1
1,0.682739,1
1,0.88624007,1
1,0.15385774,0
1,0.2953134,0
1,0.7372065,1
1,0.58709675,1
1,0.73552287,1
1,0.41585004,0
1,0.63903517,1
0,0.21612005,0
0,0.39697435,0
0,0.8789192,1
0,0.14063816,0
0,0.21414256,0
0,0.3623113,0
1,0.39688924,0
1,0.54363316,1
0,0.58215046,1
1,0.8056905,1
1,0.6001348,1
1,0.98326725,1
1,0.9005206,1
1,0.33229226,0
0,0.004786287,0
0,0.030194718,0
0,0.1657951,0
0,0.12223506,0
1,0.9086836,1
1,0.98748815,1
1,0.7185662,1
1,0.9220504,1
1,0.3452689,0
0,0.37001634,0
1,0.35708195,0
0,0.026741674,0
0,0.3851876,0
1,0.44749886,0
1,0.78554213,1
0,0.87875265,1
1,0.3304023,0
0,0.5553744,1
1,0.9187379,1
0,0.14618747,0
0,0.66915303,1
0,0.0065064146,0
1,0.40193096,0
0,0.24744292,0
1,0.7145823,1
1,0.75889426,1
1,0.48692966,0
0,0.67991215,1
0,0.16908586,0
0,0.68070656,1
0,0.12953746,0
1,0.45624837,0
0,0.5837626,1
0,0.050193362,0
0,0.09009387,0
1,0.94439346,1
1,0.5198897,0
1,0.1855323,0
0,0.27302194,0
0,0.34020993,0
0,0.52576697,0
1,0.33056408,0
1,0.37594938,0
1,0.6193241,1
1,0.3560857,0
1,0.94616586,1
1,0.82423556,1
1,0.68495107,1
1,0.83585083,1
1,0.17855522,0
1,0.7453845,1
0,0.2937558,0
0,0.61104447,1
0,0.4040708,0
1,0.30500534,0
0,0.07859812,0
0,0.022241537,0
0,0.41090447,0
0,0.6556678,1
0,0.016206026,0
1,0.5360963,0
1,0.23741356,0
1,0.929822,1
0,0.2500359,0
0,0.467672,0
0,0.38734183,0
0,0.26346204,0
1,0.70660704,1
1,0.49627072,0
1,0.17353013,0
1,0.6027241,1
0,0.09191216,0
0,0.15707439,0
0,0.4624284,0
0,0.50686586,0
0,0.53967154,0
0,0.2985199,0
0,0.2545982,0
1,0.84329313,1
0,0.7378636,1
0,0.43548137,0
1,0.80217373,1
1,0.85974616,1
0,0.36324033,0
0,0.91551435,1
1,0.60563296,1
1,0.5452523,1
1,0.58585507,1
1,0.8641946,1
0,0.41043368,0
0,0.27730766,0
0,0.46881154,0
1,0.5080654,0
1,0.68369263,1
0,0.12112976,0
1,0.9786663,1
1,0.6661069,1
1,0.98779374,1
0,0.40403107,0
0,0.29240277,0
1,0.5917361,1
0,0.13014564,0
1,0.8717585,1
1,0.90962243,1
0,0.117628664,0
1,0.847641,1
1,0.31494388,0
0,0.573291,1
0,0.2922141,0
0,0.4055759,0
1,0.48413092,0
1,0.7275754,1
0,0.18341579,0
1,0.53463835,0
0,0.88881,1
1,0.49531212,0
0,0.22618946,0
1,0.80972034,1
1,0.5514803,1
0,0.06279803,0
0,0.040058017,0
1,0.5572637,1
1,0.51144713,0
1,0.5639479,1
0,0.24325354,0
0,0.5154367,0
1,0.42555478,0
0,0.08237441,0
1,0.33348238,0
0,0.042644795,0
1,0.92123777,1
0,0.50499797,0
1,0.8149881,1
1,0.60639465,1
1,0.4797799,0
1,0.94433224,1
0,0.06927965,0
0,0.2564169,0
1,0.6192934,1
1,0.8950917,1
0,0.3135476,0
1,0.83362365,1
0,0.571154,1
0,0.3484877,0
1,0.34088686,0
0,0.32192445,0
1,0.8847194,1
0,0.27548838,0
1,0.8769666,1
0,0.7206551,1
1,0.8479686,1
0,0.21049212,0
1,0.5564731,1
1,0.9162716,1
0,0.03231335,0
1,0.16146523,0
1,0.8853057,1
0,0.46020624,0
0,0.38265705,0
0,0.17618728,0
1,0.21918209,0
1,0.4251883,0
0,0.057239145,0
1,0.86890095,1
0,0.15051334,0
0,0.27456295,0
0,0.37033564,0
1,0.87244195,1
1,0.28248662,0
1,0.6639138,1
1,0.5190624,0
0,0.8051788,1
0,0.2596739,0
1,0.69731724,1
0,0.054867603,0
1,0.9546991,1
1,0.318527,0
0,0.17003562,0
0,0.34812194,0
0,0.15460728,0
0,0.5252229,0
1,0.8414677,1
1,0.40428624,0
1,0.80290073,1
1,0.913829,1
1,0.6974892,1
1,0.607264,1
1,0.9378889,1
1,0.84222287,1
0,0.3689036,0
1,0.8768035,1
0,0.23665963,0
0,0.20022704,0
1,0.67050046,1
1,0.6307506,1
1,0.13718385,0
0,0.097119786,0
0,0.010873806,0
1,0.5127801,0
0,0.36642775,0
0,0.104035854,0
1,0.81833786,1
1,0.6012492,1
1,0.20814382,0
0,0.4512761,0
0,0.15229887,0
1,0.582061,1
1,0.7400785,1
0,0.05799288,0
1,0.9014017,1
0,0.40933576,0
0,0.5576271,1
1,0.25737283,0
1,0.693019,1
1,0.5221161,0
1,0.36532632,0
0,0.03660157,0
1,0.46166855,0
0,0.061310038,0
1,0.5772923,1
0,0.29488865,0
1,0.58401465,1
1,0.6361082,1
1,0.56578094,1
1,0.96374243,1
1,0.29981408,0
1,0.9932407,1
1,0.6278636,1
0,0.70342046,1
1,0.42145574,0
0,0.376991,0
0,0.07987152,0
0,0.17624253,0
1,0.85556203,1
0,0.17111358,0
0,0.369067,0
0,0.4409281,0
0,0.94043744,1
0,0.44681016,0
0,0.09691491,0
1,0.7142004,1
0,0.33862042,0
1,0.94859976,1
0,0.116792805,0
1,0.39452913,0
0,0.10433351,0
0,0.56942797,1
1,0.16251522,0
1,0.7508818,1
1,0.4881904,0
0,0.44247395,0
1,0.8323523,1
1,0.28280976,0
1,0.7845849,1
1,0.798417,1
1,0.6420961,1
0,0.10659719,0
0,0.124702744,0
0,0.63565326,1
1,0.79819727,1
1,0.69323856,1
1,0.76272625,1
1,0.7710812,1
0,0.19701399,0
1,0.827943,1
1,0.09218253,0
0,0.16992174,0
1,0.84549594,1
0,0.53852797,0
0,0.5148121,0
0,0.0785803,0
1,0.62866944,1
0,0.1716726,0
0,0.30116645,0
0,0.6164863,1
1,0.81539893,1
1,0.90618616,1
0,0.08075067,0
1,0.773006,1
1,0.27977508,0
0,0.36603594,0
0,0.3684312,0
0,0.26761258,0
0,0.26279563,0
1,0.54103047,1
1,0.61969537,1
0,0.07670749,0
0,0.10844108,0
1,0.7214656,1
0,0.60609305,1
1,0.77012503,1
1,0.72486556,1
1,0.77577424,1
0,0.28249353,0
1,0.823994,1
0,0.18593433,0
1,0.8667642,1
1,0.51405007,0
1,0.67642725,1
1,0.22965606,0
0,0.09260613,0
1,0.6342799,1
1,0.45168903,0
0,0.20577772,0
1,0.97397316,1
1,0.08880326,0
0,0.58381504,1
1,0.82466406,1
0,0.002942719,0
1,0.66336346,1
1,0.5408927,1
1,0.9785671,1
0,0.25847194,0
0,0.12293828,0
0,0.023553105,0
1,0.53374225,0
0,0.33767125,0
0,0.15687533,0
1,0.25291398,0
1,0.390085,0
1,0.6591289,1
0,0.54725105,1
1,0.7729045,1
1,0.35756916,0
0,0.29358485,0
0,0.18344986,0
0,0.3904894,0
0,0.6100585,1
0,0.58691156,1
0,0.10951352,0
0,0.08925524,0
1,0.49998015,0
1,0.6857327,1
1,0.84521425,1
1,0.7031124,1
0,0.7179635,1
0,0.017043088,0
1,0.34954572,0
0,0.113478884,0
0,0.19729619,0
1,0.62265766,1
0,0.1386049,0
1,0.8414773,1
0,0.11774453,0
0,0.8698855,1
1,0.83592933,1
0,0.38855073,0
1,0.79645485,1
0,0.77112365,1
0,0.3850532,0
0,0.4059422,0
1,0.68686324,1
1,0.601401,1
1,0.9631151,1
1,0.8861969,1
1,0.6993053,1
1,0.6509492,1
1,0.8921099,1
0,0.16607377,0
1,0.9246098,1
1,0.81076384,1
1,0.33433846,0
1,0.67840713,1
0,0.29985905,0
1,0.8530385,1
1,0.752029,1
0,0.25505617,0
1,0.3164921,0
1,0.42201868,0
1,0.50985914,0
0,0.6475827,1
0,0.13685203,0
0,0.39498064,0
1,0.8243279,1
0,0.30921596,0
0,0.44164553,0
1,0.3880504,0
0,0.60168517,1
1,0.96969205,1
0,0.27423012,0
0,0.34866545,0
1,0.22281262,0
0,0.7385896,1
1,0.6959554,1
1,0.61607945,1
0,0.61229515,1
1,0.35254523,0
1,0.18428804,0
1,0.58520275,1
0,0.709811,1
1,0.9410395,1
0,0.531402,0
0,0.33160135,0
0,0.22983566,0
0,0.26595142,0
1,0.89384717,1
0,0.14528775,0
1,0.9479278,1
1,0.7542824,1
0,0.19363092,0
1,0.81660277,1
0,0.49228832,0
1,0.8766396,1
1,0.5661174,1
0,0.07075808,0
0,0.19251058,0
1,0.7108834,1
1,0.7885106,1
1,0.5376553,0
1,0.467646,0
0,0.13471764,0
0,0.30436638,0
0,0.4734219,0
0,0.5275099,0
1,0.7234899,1
0,0.137683,0
1,0.8085354,1
1,0.91155404,1
0,0.33773643,0
1,0.44906476,0
1,0.7110584,1
1,0.3119475,0
0,0.4496728,0
1,0.8551208,1
0,0.4287023,0
0,0.13916308,0
0,0.17904237,0
0,0.44453347,0
0,0.1372915,0
1,0.8554577,1
0,0.28688177,0
0,0.30393225,0
0,0.06254054,0
1,0.49323863,0
1,0.66786945,1
1,0.9327221,1
0,0.37898403,0
1,0.85288876,1
0,0.47827888,0
1,0.7598364,1
0,0.76752275,1
0,0.23633078,0
0,0.23212193,0
1,0.63042873,1
0,0.11437043,0
0,0.28636423,0
1,0.9966223,1
0,0.46843812,0
1,0.7114434,1
0,0.6567109,1
1,0.51707816,0
0,0.32129836,0
1,0.8522257,1
0,0.2728202,0
0,0.22090296,0
0,0.16058825,0
0,0.283873,0
0,0.4824988,0
1,0.68884856,1
1,0.8016377,1
0,0.63847554,1
0,0.76078564,1
0,0.7464654,1
1,0.11430587,0
1,0.3970898,0
0,0.09742295,0
1,0.6694677,1
0,0.64520097,1
1,0.6105306,1
0,0.3308722,0
1,0.8640639,1
1,0.1779331,0
0,0.46337217,0
0,0.3869374,0
1,0.9337416,1
1,0.77388775,1
0,0.2758995,0
0,0.06622627,0
0,0.18576756,0
0,0.61291426,1
0,0.004343778,0
1,0.3124826,0
0,0.6882323,1
0,0.057982735,0
1,0.75579584,1
0,0.35880852,0
1,0.35141954,0
1,0.79796576,1
0,0.26475984,0
0,0.42517728,0
0,0.14630485,0
1,0.62718815,1
0,0.47125125,0
0,0.29300922,0
1,0.7348388,1
0,0.16025013,0
0,0.13489959,0
1,0.571699,1
0,0.37721068,0
1,0.20116843,0
0,0.16358641,0
0,0.08028785,0
0,0.1078739,0
1,0.549013,1
1,0.7544751,1
1,0.344365,0
0,0.10143873,0
1,0.6298432,1
0,0.32968545,0
1,0.04124838,0
1,0.950244,1
1,0.8568483,1
1,0.40697765,0
0,0.30140427,0
1,0.9139266,1
0,0.11250551,0
1,0.9948822,1
1,0.80654126,1
1,0.31764048,0
0,0.6217007,1
1,0.8453306,1
1,0.70829165,1
1,0.70532906,1
0,0.44671997,0
1,0.7221353,1
1,0.69981974,1
1,0.30704206,0
0,0.12439853,0
1,0.18141997,0
0,0.08113156,0
0,0.4129166,0
1,0.27007875,0
0,0.65109587,1
0,0.29012844,0
0,0.57189226,1
0,0.03310967,0
1,0.119652934,0
1,0.6704412,1
1,0.45535162,0
0,0.071860805,0
1,0.8748368,1
0,0.43714663,0
0,0.53300506,0
1,0.71809846,1
1,0.80454147,1
1,0.76140195,1
1,0.65195507,1
1,0.7540191,1
1,0.17899105,0
1,0.6044786,1
0,0.37197328,0
0,0.56275284,1
1,0.38800466,0
0,0.52067333,0
0,0.4668267,0
0,0.5219898,0
0,0.56572866,1
0,0.17876588,0
0,0.8840067,1
0,0.31000254,0
1,0.89663273,1
1,0.33560324,0
0,0.11806161,0
1,0.35067406,0
0,0.11383349,0
0,0.62165695,1
1,0.7061378,1
0,0.8231729,1
0,0.5492312,1
1,0.9033347,1
0,0.2181037,0
0,0.5787911,1
1,0.9189501,1
1,0.42890903,0
0,0.25542185,0
1,0.7569092,1
1,0.948076,1
1,0.77334535,1
1,0.9367405,1
1,0.6650121,1
1,0.60807586,1
1,0.5737825,1
1,0.6293078,1
1,0.7430523,1
1,0.7132394,1
1,0.2764388,0
0,0.79465115,1
0,0.16053586,0
0,0.5063584,0
1,0.24266756,0
0,0.008173405,0
0,0.32953942,0
1,0.9094511,1
1,0.40118837,0
0,0.064849935,0
0,0.5549054,1
1,0.5282163,0
1,0.73819005,1
1,0.40899566,0
1,0.4573663,0
0,0.123127736,0
1,0.86864084,1
0,0.075230375,0
0,0.5216864,0
1,0.72463834,1
1,0.88606286,1
0,0.38216427,0
0,0.15624636,0
0,0.45926625,0
1,0.26521254,0
1,0.74667585,1
1,0.33800045,0
1,0.90753615,1
0,0.66735435,1
0,0.16278134,0
1,0.8181834,1
1,0.1642531,0
0,0.20480356,0
1,0.84144294,1
1,0.90625596,1
1,0.5428638,1
1,0.6453062,1
1,0.6307789,1
0,0.47393507,0
1,0.9652585,1
0,0.3486203,0
0,0.6215948,1
0,0.16602021,0
1,0.11221013,0
0,0.29724163,0
0,0.40408102,0
1,0.6457484,1
0,0.20929022,0
0,0.83117676,1
0,0.054190848,0
0,0.36404628,0
0,0.1664488,0
0,0.40116906,0
1,0.44619998,0
0,0.8070475,1
0,0.03264071,0
1,0.9510945,1
1,0.7936053,1
1,0.78621876,1
1,0.37965876,0
1,0.9884537,1
1,0.44496644,0
1,0.93839484,1
1,0.53711694,0
0,0.38276333,0
1,0.60666436,1
1,0.6022381,1
1,0.9825525,1
1,0.7685486,1
1,0.16973019,0
1,0.57496405,1
0,0.27755558,0
1,0.6638344,1
1,0.13155049,0
1,0.30741894,0
0,0.03657419,0
1,0.7100691,1
1,0.5271167,0
0,0.3542834,0
1,0.87149996,1
1,0.13935278,0
0,0.769917,1
0,0.5138328,0
1,0.41923764,0
1,0.93030775,1
1,0.8460686,1
0,0.56724197,1
0,0.29777792,0
1,0.84945685,1
1,0.51826,0
0,0.74231935,1
1,0.5457707,1
1,0.5533041,1
1,0.28007802,0
0,0.101419605,0
1,0.5050169,0
0,0.86396307,1
1,0.82027406,1
1,0.78424877,1
1,0.7911699,1
0,0.17119189,0
1,0.43749154,0
1,0.58793557,1
0,0.06168024,0
0,0.40139946,0
0,0.12276705,0
1,0.8853558,1
1,0.7704066,1
1,0.6818138,1
1,0.5347069,0
0,0.04822144,0
1,0.76860875,1
0,0.07918908,0
0,0.1597129,0
0,0.62014973,1
1,0.21183306,0
1,0.89219755,1
0,0.437699,0
1,0.50731015,0
1,0.7058181,1
0,0.28059998,0
1,0.8011994,1
0,0.57524896,1
0,0.722002,1
0,0.0049426523,0
1,0.7535886,1
1,0.22596069,0
1,0.45606154,0
0,0.24570878,0
0,0.343373,0
0,0.76062864,1
0,0.22679973,0
0,0.3477149,0
1,0.9948827,1
1,0.71991986,1
1,0.7985218,1
1,0.8775256,1
0,0.2787733,0
1,0.40613446,0
0,0.5304227,0
1,0.19254637,0
1,0.843805,1
0,0.10105148,0
0,0.8627728,1
0,0.3619614,0
0,0.47725,0
0,0.09899475,0
1,0.584277,1
1,0.5574049,1
0,0.09338565,0
1,0.61434865,1
1,0.4238131,0
1,0.8285524,1
1,0.7187004,1
1,0.79742336,1
0,0.19536617,0
0,0.18537338,0
0,0.36404717,0
1,0.895144,1
1,0.824483,1
0,0.21730965,0
0,0.22352311,0
1,0.62816393,1
1,0.79686195,1
0,0.52723384,0
0,0.2774512,0
1,0.8349756,1
0,0.40189096,0
1,0.77296317,1
1,0.71931714,1
1,0.4383904,0
1,0.30371663,0
0,0.056042314,0
1,0.96604574,1
0,0.08349277,0
1,0.7839146,1
1,0.88055867,1
1,0.82115006,1
1,0.42549667,0
1,0.4230006,0
0,0.29333133,0
1,0.41797355,0
1,0.9027987,1
1,0.9649339,1
1,0.21118754,0
0,0.79902357,1
0,0.16513997,0
0,0.69195855,1
0,0.18756482,0
0,0.6700706,1
0,0.086691454,0
0,0.39116955,0
1,0.9956339,1
1,0.70683694,1
0,0.6686455,1
0,0.8675882,1
0,0.6555506,1
0,0.20192015,0
0,0.36708894,0
1,0.47751644,0
1,0.63658434,1
0,0.50417876,0
0,0.017989904,0
1,0.6090043,1
1,0.50645226,0
0,0.09572984,0
0,0.1060547,0
0,0.28796056,0
0,0.45839417,0
0,0.16986942,0
0,0.1657324,0
1,0.748702,1
1,0.79922664,1
0,0.63269585,1
0,0.7209954,1
0,0.41355917,0
1,0.4637746,0
0,0.1927989,0
0,0.7693927,1
1,0.5314137,0
1,0.9297987,1
0,0.16468547,0
0,0.45229968,0
0,0.41037273,0
0,0.43434393,0
0,0.2628556,0
0,0.3958317,0
0,0.26888633,0
1,0.52195096,0
0,0.5086233,0
1,0.18893775,0
0,0.28863755,0
1,0.93753946,1
0,0.49185508,0
1,0.87692314,1
1,0.62687427,1
1,0.4773521,0
0,0.17586422,0
1,0.8659616,1
1,0.37503994,0
1,0.7430841,1
1,0.65188813,1
0,0.20357595,0
0,0.2662567,0
1,0.400307,0
1,0.5892055,1
1,0.7175179,1
1,0.5668614,1
0,0.027546048,0
1,0.44193688,0
1,0.77371114,1
0,0.20175698,0
1,0.4897836,0
1,0.10674835,0
1,0.75784224,1
0,0.76008826,1
1,0.64795595,1
0,0.32573238,0
1,0.398866,0
1,0.75624007,1
0,0.35044777,0
0,0.5721634,1
0,0.033424795,0
0,0.3969017,0
1,0.62213206,1
1,0.9874728,1
1,0.19642955,0
1,0.779497,1
1,0.57485086,1
0,0.58544874,1
0,0.06237722,0
0,0.66100305,1
1,0.23297185,0
1,0.6871779,1
1,0.4766255,0
1,0.35334072,0
1,0.47473654,0
0,0.5217105,0
0,0.7185084,1
0,0.14353961,0
1,0.5312583,0
1,0.9062584,1
0,0.05996637,0
1,0.57475406,1
1,0.48973992,0
0,0.099528976,0
1,0.94135404,1
1,0.5878012,1
0,0.011909511,0
0,0.5523792,1
1,0.7682634,1
0,0.16355287,0
0,0.4857524,0
0,0.15286508,0
1,0.64443976,1
1,0.63544774,1
0,0.29180208,0
0,0.028969098,0
1,0.81465465,1
0,0.060957916,0
0,0.109411016,0
1,0.73559666,1
1,0.7008075,1
0,0.5798811,1
1,0.4302789,0
1,0.8069589,1
0,0.45386022,0
0,0.073209874,0
0,0.6578895,1
1,0.82464516,1
1,0.3478278,0
0,0.12460155,0
1,0.5611337,1
1,0.60026455,1
0,0.54507786,1
0,0.76256675,1
1,0.5858059,1
0,0.12287786,0
1,0.80930376,1
1,0.4948508,0
0,0.66889507,1
1,0.7515006,1
0,0.8668955,1
1,0.8350346,1
0,0.3099193,0
0,0.42872223,0
0,0.42097592,0
1,0.3207939,0
1,0.79570055,1
1,0.46907845,0
1,0.5370336,0
1,0.48679024,0
1,0.6645596,1
0,0.6027731,1
1,0.21587746,0
0,0.022804374,0
1,0.61105776,1
0,0.70349723,1
1,0.857031,1
0,0.1890274,0
0,0.20437072,0
0,0.6578479,1
1,0.9527784,1
0,0.3383475,0
1,0.8211041,1
1,0.9312426,1
1,0.8581897,1
0,0.26297975,0
0,0.24018423,0
1,0.30662537,0
1,0.8996985,1
1,0.6452544,1
0,0.49881396,0
0,0.67109495,1
1,0.84434456,1
0,0.19026606,0
0,0.14059429,0
1,0.960104,1
1,0.3275457,0
1,0.6982799,1
1,0.6203091,1
1,0.6979682,1
1,0.89408225,1
0,0.88028866,1
0,0.2027348,0
0,0.52681535,0
0,0.7747099,1
0,0.35394004,0
1,0.6782371,1
0,0.44264075,0
1,0.8952282,1
1,0.75590926,1
1,0.6473844,1
1,0.8147791,1
0,0.19006073,0
0,0.26059246,0
1,0.7645042,1
0,0.5376603,0
0,0.3346604,0
1,0.7305745,1
0,0.39569148,0
0,0.1820105,0
0,0.6575799,1
0,0.51200336,0
1,0.21091764,0
0,0.38747996,0
0,0.6050234,1
0,0.3829256,0
0,0.34885037,0
0,0.42372903,0
0,0.51199,0
0,0.12765993,0
1,0.5604641,1
0,0.16782266,0
0,0.37862596,0
0,0.11729841,0
0,0.06206879,0
1,0.77964634,1
1,0.49094436,0
0,0.70037764,1
1,0.7830953,1
1,0.57446307,1
0,0.79629695,1
1,0.6239946,1
1,0.83340085,1
0,0.6132148,1
1,0.4930437,0
0,0.6039043,1
1,0.9187823,1
1,0.38471198,0
1,0.7430722,1
0,0.45226264,0
0,0.42767426,0
1,0.75026965,1
0,0.44585374,0
0,0.26925185,0
0,0.2088654,0
1,0.85030955,1
1,0.9266867,1
1,0.9171264,1
1,0.6301694,1
1,0.67960864,1
1,0.6445178,1
1,0.7851565,1
1,0.46162596,0
0,0.25986546,0
1,0.85152173,1
1,0.8046336,1
1,0.732926,1
1,0.8230031,1
0,0.23092054,0
0,0.20604423,0
0,0.69178957,1
1,0.4428955,0
1,0.8616821,1
0,0.023661464,0
0,0.7290585,1
1,0.8779905,1
0,0.14760543,0
0,0.34939864,0
1,0.30006257,0
1,0.6520998,1
1,0.5729036,1
1,0.602872,1
1,0.61579967,1
1,0.56258416,1
1,0.26805282,0
0,0.03824465,0
1,0.8090106,1
1,0.77205527,1
0,0.37342778,0
1,0.8877962,1
0,0.30107522,0
1,0.9620632,1
1,0.93054324,1
1,0.65924543,1
1,0.50154215,0
0,0.35551593,0
0,0.12831946,0
1,0.70625544,1
1,0.7642706,1
0,0.5111991,0
1,0.44713727,0
0,0.08614459,0
0,0.105545595,0
1,0.8614901,1
1,0.27414355,0
1,0.73580587,1
0,0.62178135,1
1,0.21492203,0
0,0.5949715,1
0,0.31375122,0
1,0.92545587,1
1,0.41678855,0
1,0.64277697,1
1,0.77899134,1
1,0.7047523,1
0,0.2246507,0
0,0.104427055,0
0,0.23467702,0
1,0.22035342,0
0,0.4089628,0
1,0.78104824,1
1,0.7682838,1
0,0.1114553,0
1,0.39556336,0
1,0.5494644,1
0,0.53642267,0
1,0.98933524,1
0,0.48867986,0
1,0.6137086,1
0,0.054781444,0
1,0.4645547,0
1,0.36863497,0
1,0.6106342,1
0,0.08473934,0
1,0.7899654,1
0,0.35466877,0
1,0.97871745,1
1,0.5158077,0
0,0.08601552,0
0,0.1186005,0
1,0.5453358,1
1,0.8088604,1
0,0.874199,1
1,0.7964493,1
0,0.1826311,0
0,0.5550654,1
0,0.030920682,0
1,0.35776833,0
0,0.8785442,1
0,0.13753337,0
0,0.24306002,0
0,0.13772441,0
0,0.38303322,0
0,0.42927057,0
1,0.74993473,1
0,0.5174093,0
0,0.6398143,1
1,0.7080951,1
1,0.31002125,0
0,0.5062943,0
1,0.4337724,0
0,0.07473803,0
1,0.6063157,1
0,0.061785053,0
1,0.71152353,1
0,0.5839636,1
0,0.4972824,0
1,0.6038613,1
0,0.10920602,0
0,0.2660163,0
1,0.47955126,0
1,0.8019731,1
1,0.46934727,0
1,0.6018518,1
1,0.3215058,0
0,0.24857989,0
1,0.87110955,1
1,0.7531771,1
0,0.34166154,0
0,0.05225351,0
0,0.4126619,0
0,0.040707283,0
0,0.399212,0
1,0.87388724,1
1,0.56040984,1
1,0.4495795,0
1,0.5891632,1
0,0.56422955,1
0,0.541008,1
1,0.9011532,1
0,0.17881835,0
1,0.71020526,1
0,0.42248744,0
1,0.6755364,1
0,0.18337733,0
1,0.15437937,0
0,0.5798792,1
0,0.52722365,0
1,0.07780843,0
1,0.53039765,0
1,0.55562454,1
1,0.558406,1
0,0.5514625,1
0,0.10467021,0
1,0.8007006,1
1,0.20611538,0
0,0.11673075,0
1,0.62331283,1
0,0.13941519,0
0,0.39976838,0
0,0.37989283,0
1,0.5386286,0
0,0.27802226,0
0,0.692737,1
0,0.7515972,1
0,0.56428397,1
1,0.8465097,1
0,0.063211106,0
1,0.8048264,1
0,0.44235015,0
0,0.33244985,0
1,0.63660055,1
0,0.10904438,0
0,0.69559324,1
0,0.24631396,0
1,0.6203091,1
0,0.15797299,0
1,0.7636479,1
1,0.50043833,0
0,0.12637351,0
0,0.7400476,1
0,0.11541945,0
1,0.72169834,1
0,0.47845408,0
0,0.30679503,0
1,0.62738943,1
0,0.22038436,0
1,0.42219156,0
0,0.09671002,0
0,0.64749265,1
0,0.36013818,0
1,0.6319804,1
1,0.7028153,1
0,0.5442722,1
1,0.88233227,1
1,0.792185,1
0,0.112028666,0
0,0.26402006,0
1,0.7458075,1
1,0.5512796,1
1,0.45916438,0
0,0.3263121,0
0,0.51479137,0
0,0.17544729,0
0,0.7636873,1
0,0.08162477,0
1,0.7208738,1
1,0.4972931,0
0,0.114195034,0
1,0.47108608,0
1,0.74208605,1
0,0.042667773,0
1,0.66303766,1
0,0.5823767,1
0,0.46640706,0
1,0.9543671,1
0,0.14929815,0
1,0.15349598,0
1,0.6364,1
0,0.15261269,0
1,0.8670824,1
1,0.82105887,1
0,0.71412915,1
0,0.49719897,0
0,0.17079818,0
1,0.61304337,1
0,0.47263038,0
1,0.6666524,1
0,0.053431023,0
0,0.0820815,0
0,0.498404,0
0,0.26363322,0
1,0.71567434,1
1,0.9446519,1
0,0.4305082,0
0,0.2386479,0
0,0.3242338,0
1,0.48641053,0
1,0.8297941,1
1,0.81707865,1
1,0.29151753,0
1,0.5016506,0
0,0.4847215,0
1,0.53363836,0
0,0.13128993,0
1,0.56827533,1
1,0.3799524,0
1,0.8513721,1
0,0.67155474,1
1,0.63211685,1
0,0.058463227,0
1,0.6158391,1
1,0.43488783,0
1,0.17059284,0
0,0.45103502,0
1,0.793685,1
1,0.8091279,1
1,0.96749264,1
1,0.59947217,1
1,0.9120202,1
0,0.3153688,0
1,0.5247204,0
1,0.99174786,1
1,0.45527187,0
1,0.023191398,0
0,0.4128004,0
0,0.06516462,0
1,0.3530654,0
1,0.49566472,0
0,0.803046,1
1,0.08748591,0
0,0.69228476,1
1,0.6304211,1
1,0.57405066,1
0,0.47603825,0
0,0.40808752,0
1,0.619019,1
1,0.5973501,1
1,0.73569685,1
1,0.7175636,1
0,0.19581792,0
1,0.90802705,1
1,0.7890123,1
0,0.21304044,0
0,0.24573039,0
0,0.55260277,1
1,0.548786,1
1,0.45415,0
1,0.8279807,1
1,0.2656642,0
0,0.31797832,0
0,0.23069367,0
1,0.83446634,1
1,0.4355867,0
0,0.09327944,0
0,0.6765096,1
0,0.23164004,0
0,0.25423005,0
0,0.18807319,0
1,0.9684513,1
1,0.47401825,0
0,0.30087444,0
1,0.7047512,1
1,0.9788478,1
1,0.5802953,1
1,0.8372969,1
0,0.51500475,0
0,0.30252165,0
1,0.7621408,1
1,0.8193186,1
0,0.2087775,0
0,0.10415301,0
1,0.9680944,1
1,0.42567787,0
0,0.28313127,0
1,0.3681363,0
1,0.49324328,0
0,0.26965672,0
1,0.41223842,0
1,0.7319237,1
1,0.4682279,0
0,0.30695638,0
1,0.13743988,0
1,0.8666865,1
0,0.19000407,0
1,0.4667209,0
0,0.5371243,0
0,0.65414494,1
0,0.26621523,0
1,0.79395306,1
1,0.6419805,1
1,0.89176524,1
1,0.86008126,1
0,0.13623188,0
1,0.8045919,1
0,0.0299786,0
1,0.5180145,0
1,0.794712,1
1,0.58436006,1
1,0.20076025,0
1,0.58181024,1
0,0.7177757,1
1,0.8563663,1
0,0.7190584,1
0,0.07607175,0
0,0.2785115,0
0,0.061324824,0
1,0.74345195,1
0,0.4659456,0
1,0.23271957,0
1,0.60828114,1
1,0.59915155,1
0,0.12747751,0
1,0.7434598,1
0,0.21671857,0
1,0.64368296,1
0,0.45896572,0
0,0.66116506,1
0,0.72660494,1
0,0.057235163,0
0,0.17412937,0
1,0.69228506,1
1,0.8556536,1
0,0.64188474,1
0,0.08767891,0
1,0.551732,1
1,0.70453554,1
0,0.39423156,0
0,0.18592237,0
0,0.027887663,0
0,0.44227654,0
0,0.6218928,1
1,0.8483369,1
1,0.45733067,0
0,0.58447886,1
1,0.49925527,0
0,0.2689916,0
0,0.56173885,1
1,0.5275711,0
1,0.28942296,0
0,0.47301495,0
1,0.5199679,0
0,0.48866215,0
1,0.70596147,1
1,0.7308809,1
1,0.71432835,1
0,0.31663147,0
0,0.14068544,0
0,0.114770666,0
1,0.59887964,1
1,0.7484791,1
0,0.0808549,0
0,0.90786076,1
0,0.15023756,0
0,0.37938014,0
1,0.97055244,1
1,0.34588626,0
1,0.1865886,0
0,0.053148754,0
0,0.28405145,0
1,0.8756384,1
0,0.025271451,0
0,0.041817546,0
1,0.46732494,0
1,0.9340225,1
1,0.7660998,1
1,0.88666743,1
0,0.10860379,0
0,0.68408716,1
0,0.322663,0
0,0.4661051,0
1,0.49361402,0
1,0.9580773,1
0,0.1751114,0
0,0.6565649,1
0,0.70438963,1
0,0.22473924,0
1,0.09648322,0
0,0.16978465,0
1,0.26666084,0
0,0.21940783,0
1,0.4113747,0
0,0.80654776,1
0,0.41275004,0
0,0.2039484,0
0,0.34932008,0
1,0.4034266,0
0,0.6076728,1
1,0.4709498,0
0,0.5008746,0
0,0.10610293,0
1,0.6785519,1
1,0.33035082,0
1,0.18306327,0
1,0.50730777,0
1,0.79089385,1
1,0.7674619,1
1,0.5292997,0
1,0.857896,1
0,0.5014475,0
0,0.14799549,0
1,0.6828016,1
0,0.29990956,0
1,0.88410413,1
1,0.64427793,1
1,0.8440427,1
1,0.67046475,1
1,0.62250274,1
0,0.7797023,1
1,0.82309896,1
0,0.4199878,0
0,0.003984366,0
0,0.61005723,1
0,0.32803845,0
1,0.8158964,1
1,0.7512114,1
0,0.38916424,0
0,0.55577224,1
1,0.84679306,1
1,0.8918182,1
1,0.70672643,1
0,0.12155304,0
0,0.53320295,0
1,0.8751566,1
1,0.49506354,0
1,0.8558976,1
0,0.32872644,0
1,0.7225933,1
1,0.34690297,0
1,0.6880323,1
0,0.21655585,0
0,0.032590277,0
0,0.35250124,0
1,0.86167216,1
0,0.016505212,0
0,0.19183928,0
0,0.2958354,0
1,0.91796494,1
1,0.48330072,0
0,0.55359125,1
0,0.6233837,1
0,0.07797314,0
1,0.83315426,1
1,0.5420299,1
1,0.5149805,0
1,0.8922926,1
1,0.9631751,1
1,0.7936673,1
1,0.11011748,0
1,0.5685347,1
1,0.7587334,1
0,0.6078869,1
1,0.3108525,0
0,0.5896485,1
1,0.40994486,0
0,0.8531976,1
0,0.2844371,0
0,0.5582415,1
1,0.80139893,1
0,0.09104897,0
0,0.17722647,0
1,0.14371678,0
1,0.53121424,0
0,0.31253177,0
0,0.32505086,0
0,0.39740345,0
1,0.87678313,1
0,0.5157256,0
0,0.39369053,0
1,0.8943261,1
0,0.20012024,0
0,0.40403005,0
0,0.15823314,0
1,0.61861426,1
1,0.79077697,1
0,0.5120437,0
1,0.9127228,1
1,0.6790521,1
0,0.56877387,1
1,0.8201039,1
0,0.004376802,0
1,0.21825974,0
0,0.03791784,0
1,0.6201545,1
0,0.4264455,0
1,0.8996673,1
0,0.38802576,0
0,0.56997824,1
0,0.22140354,0
0,0.24272463,0
0,0.25950947,0
1,0.4582889,0
1,0.5638153,1
1,0.44775474,0
1,0.8563492,1
0,0.31333935,0
0,0.26162413,0
0,0.36594728,0
0,0.0035450375,0
0,0.71498066,1
0,0.34563592,0
0,0.14982793,0
0,0.48557982,0
0,0.504409,0
1,0.42353132,0
1,0.9619748,1
0,0.015272332,0
1,0.7721129,1
1,0.75905883,1
0,0.124432296,0
0,0.75234884,1
1,0.85617954,1
1,0.8431221,1
0,0.7723583,1
1,0.7486555,1
0,0.3198821,0
1,0.87427044,1
0,0.15711588,0
1,0.70554,1
0,0.28900933,0
0,0.06597644,0
1,0.8251075,1
0,0.08882687,0
0,0.019540066,0
0,0.13862838,0
1,0.37079766,0
1,0.75928015,1
1,0.58180535,1
0,0.5535675,1
1,0.9724885,1
1,0.3722358,0
0,0.38389647,0
0,0.25888264,0
0,0.06910822,0
0,0.7307276,1
0,0.24682038,0
0,0.069220655,0
0,0.15331636,0
1,0.81388456,1
0,0.5454422,1
1,0.7507496,1
1,0.9417598,1
1,0.64869255,1
0,0.64710754,1
1,0.17634624,0
0,0.4377857,0
0,0.3013283,0
1,0.8357723,1
1,0.95682704,1
1,0.69487786,1
1,0.6031792,1
1,0.5376848,0
0,0.523244,0
1,0.9291207,1
0,0.22739941,0
1,0.7083195,1
0,0.24239224,0
1,0.20271583,0
1,0.79105455,1
0,0.095225304,0
1,0.45312288,0
0,0.20630802,0
0,0.1717913,0
0,0.3357584,0
0,0.026880411,0
1,0.5410469,1
1,0.69305664,1
0,0.04939784,0
0,0.67079705,1
0,0.34115335,0
1,0.6398221,1
0,0.58054924,1
1,0.8837149,1
0,0.25019792,0
0,0.650884,1
1,0.2340912,0
0,0.58446664,1
0,0.29768106,0
1,0.76432514,1
1,0.8256442,1
0,0.06794178,0
0,0.13191368,0
1,0.89889973,1
1,0.42297554,0
1,0.88105154,1
1,0.22707917,0
1,0.84221715,1
0,0.118199416,0
1,0.90932393,1
1,0.20012604,0
1,0.9585817,1
0,0.36659095,0
1,0.5017067,0
0,0.12730792,0
0,0.30216658,0
0,0.07448321,0
0,0.070673086,0
0,0.11420466,0
1,0.60838455,1
0,0.28829533,0
0,0.14428627,0
0,0.26146126,0
0,0.28090242,0
1,0.83222044,1
1,0.6386647,1
0,0.41621724,0
0,0.1859988,0
1,0.82304215,1
1,0.5194273,0
1,0.60177565,1
0,0.88427913,1
1,0.76165146,1
0,0.38883385,0
1,0.57409996,1
0,0.58287436,1
0,0.07288814,0
0,0.795633,1
0,0.4491142,0
0,0.086375296,0
0,0.38469565,0
0,0.23624177,0
1,0.96842706,1
1,0.103213854,0
1,0.513521,0
1,0.26024127,0
1,0.7777186,1
0,0.27273336,0
1,0.78706133,1
0,0.3689517,0
1,0.6071988,1
1,0.47643217,0
1,0.83341974,1
1,0.99906594,1
0,0.36705342,0
0,0.49830133,0
1,0.51539963,0
0,0.4207089,0
0,0.5508587,1
0,0.19307716,0
0,0.11987464,0
0,0.7892638,1
0,0.41205502,0
0,0.60733336,1
1,0.775845,1
0,0.22139359,0
1,0.75581217,1
1,0.76036745,1
1,0.58478445,1
0,0.45002344,0
1,0.8176189,1
0,0.5754936,1
1,0.73560065,1
1,0.5912888,1
0,0.57804304,1
0,0.5052619,0
1,0.115266904,0
1,0.9112053,1
0,0.04896614,0
1,0.711719,1
0,0.23398228,0
1,0.5032827,0
0,0.21457882,0
0,0.43254632,0
1,0.767054,1
0,0.09522616,0
0,0.034585573,0
0,0.5455264,1
0,0.67713195,1
1,0.42661303,0
1,0.7320472,1
0,0.52765316,0
0,0.7745018,1
1,0.9383748,1
0,0.38941133,0
1,0.63092875,1
0,0.44623807,0
1,0.88297147,1
1,0.20677425,0
0,0.080021076,0
0,0.5864959,1
1,0.119093545,0
0,0.36633125,0
0,0.44148812,0
1,0.5369003,0
0,0.5904631,1
0,0.62368757,1
0,0.58104146,1
1,0.12359348,0
0,0.08538816,0
1,0.80929595,1
1,0.7563989,1
1,0.62812054,1
1,0.6355121,1
0,0.51033896,0
0,0.15445285,0
1,0.84154004,1
1,0.84398997,1
1,0.5239746,0
0,0.11884525,0
1,0.8334206,1
1,0.95980746,1
0,0.81671256,1
1,0.8227261,1
1,0.87428,1
1,0.86319685,1
1,0.86469424,1
1,0.46282822,0
1,0.72198313,1
0,0.43401024,0
1,0.7485874,1
0,0.10808899,0
0,0.34823906,0
0,0.12459471,0
0,0.0714963,0
1,0.60122067,1
0,0.3083517,0
0,0.4584502,0
0,0.30413336,0
1,0.82630783,1
1,0.8242344,1
1,0.18117921,0
0,0.4060029,0
0,0.3925339,0
0,0.47212026,0
0,0.46756178,0
1,0.5405048,1
1,0.70540774,1
0,0.14598751,0
1,0.7888403,1
1,0.7018353,1
1,0.6799558,1
1,0.6946394,1
1,0.7504049,1
0,0.16644312,0
0,0.054750502,0
1,0.31367576,0
0,0.3005786,0
1,0.8492314,1
0,0.15425202,0
1,0.49485132,0
1,0.7594323,1
0,0.43429172,0
0,0.2279109,0
1,0.84334624,1
1,0.9742079,1
1,0.985098,1
0,0.2255378,0
1,0.5411014,1
1,0.15386319,0
1,0.57390016,1
0,0.45767692,0
1,0.5960484,1
0,0.20170978,0
1,0.9170883,1
1,0.8337322,1
1,0.46596605,0
0,0.28345114,0
1,0.6234718,1
1,0.76670897,1
1,0.6053687,1
1,0.15877837,0
0,0.03226245,0
1,0.9665737,1
1,0.9828159,1
1,0.64644355,1
0,0.39956415,0
0,0.50617164,0
0,0.18625697,0
0,0.19192359,0
1,0.56836665,1
1,0.9973374,1
0,0.37676677,0
0,0.56401354,1
0,0.31090614,0
1,0.712923,1
0,0.22019553,0
1,0.8810928,1
0,0.2069244,0
1,0.8702022,1
0,0.11155422,0
1,0.61717284,1
0,0.18435593,0
0,0.38861832,0
0,0.69675416,1
0,0.22511457,0
0,0.5327335,0
1,0.48183686,0
1,0.6100483,1
0,0.68904686,1
1,0.7093323,1
1,0.24689142,0
1,0.7588033,1
0,0.33302033,0
1,0.5511501,1
1,0.65175986,1
1,0.5459003,1
1,0.73305637,1
1,0.6938022,1
1,0.1854013,0
0,0.19402303,0
0,0.88546664,1
0,0.18501103,0
1,0.112710014,0
1,0.28962922,0
0,0.5789398,1
1,0.8330154,1
1,0.8091853,1
0,0.22339402,0
1,0.93360144,1
0,0.8534427,1
0,0.04261212,0
0,0.055171404,0
1,0.97945285,1
1,0.93059194,1
0,0.10013414,0
1,0.56034124,1
1,0.28314027,0
0,0.020872973,0
1,0.9321245,1
0,0.22182484,0
0,0.3352401,0
0,0.21800841,0
0,0.65985036,1
0,0.005553131,0
1,0.77022636,1
1,0.6723867,1
0,0.07488206,0
1,0.5638626,1
1,0.31899828,0
1,0.7953908,1
1,0.2683318,0
0,0.5124701,0
1,0.7495358,1
1,0.14068152,0
1,0.72052944,1
0,0.7381323,1
1,0.64831275,1
1,0.954162,1
1,0.62789166,1
0,0.82762486,1
0,0.49539658,0
1,0.6923307,1
0,0.54565847,1
0,0.392977,0
0,0.16331786,0
0,0.048791602,0
1,0.6966623,1
0,0.2575006,0
1,0.71606976,1
1,0.6608674,1
1,0.40801004,0
1,0.77892786,1
0,0.35710853,0
0,0.31872764,0
0,0.13310854,0
0,0.31820452,0
1,0.6597155,1
1,0.8557013,1
0,0.16638905,0
1,0.78690124,1
0,0.19159637,0
1,0.7832261,1
1,0.18462114,0
0,0.73797196,1
1,0.5651854,1
0,0.14585857,0
1,0.6236502,1
1,0.31249875,0
1,0.8244354,1
0,0.50412923,0
0,0.7382197,1
0,0.7996384,1
1,0.7776975,1
1,0.08486801,0
1,0.51121235,0
1,0.63160706,1
0,0.072995044,0
0,0.1990369,0
1,0.74160135,1
1,0.45596159,0
0,0.7471602,1
0,0.11695829,0
1,0.8163982,1
1,0.62368673,1
0,0.69441026,1
1,0.4416131,0
1,0.641091,1
1,0.86163217,1
0,0.1176924,0
1,0.784838,1
0,0.6375325,1
0,0.52905065,0
1,0.8542358,1
1,0.4734897,0
0,0.70355815,1
0,0.31687889,0
1,0.7763164,1
1,0.23518841,0
1,0.51595116,0
1,0.39384422,0
0,0.5842742,1
0,0.15133847,0
0,0.12475903,0
0,0.4255779,0
1,0.45986778,0
1,0.7286782,1
0,0.22883375,0
1,0.5153037,0
1,0.8638336,1
1,0.880881,1
0,0.38359836,0
0,0.24251679,0
0,0.0048252386,0
0,0.22833769,0
1,0.4502559,0
0,0.21650034,0
1,0.6109678,1
0,0.49763587,0
1,0.63711596,1
1,0.5501106,1
0,0.23625237,0
1,0.60388005,1
0,0.5088218,0
1,0.67559505,1
0,0.29507256,0
1,0.8984313,1
0,0.49411884,0
1,0.7665958,1
0,0.56492394,1
1,0.4126884,0
0,0.17928953,0
1,0.2584615,0
0,0.44467378,0
0,0.46725434,0
0,0.21823233,0
0,0.35472214,0
1,0.8615016,1
0,0.61661434,1
0,0.08051144,0
1,0.81978905,1
1,0.5561979,1
0,0.3148638,0
0,0.35898778,0
0,0.08827849,0
1,0.58979446,1
1,0.9789121,1
1,0.5898518,1
1,0.50693357,0
1,0.6558113,1
0,0.18159644,0
0,0.39028704,0
0,0.26749507,0
0,0.5369642,0
1,0.7770119,1
1,0.33013958,0
0,0.064968035,0
0,0.33032122,0
0,0.45915735,0
0,0.1992624,0
0,0.17528215,0
0,0.39723876,0
1,0.8351301,1
1,0.9402007,1
0,0.26566657,0
1,0.95376843,1
1,0.4912341,0
0,0.2479613,0
1,0.41216537,0
0,0.18265149,0
1,0.06717461,0
0,0.17378199,0
1,0.55822694,1
0,0.32605815,0
1,0.8912949,1
1,0.7089584,1
1,0.80444133,1
0,0.78871286,1
0,0.09224144,0
1,0.81090933,1
1,0.26470715,0
0,0.6147464,1
0,0.4482678,0
0,0.114990264,0
0,0.3871828,0
0,0.11154941,0
0,0.0608139,0
0,0.3136949,0
1,0.8608301,1
1,0.56225836,1
1,0.8003167,1
0,0.12500268,0
1,0.6001198,1
0,0.40041676,0
0,0.3301582,0
1,0.6445574,1
1,0.48895317,0
1,0.8503471,1
1,0.80027515,1
0,0.11633237,0
1,0.31627408,0
0,0.63574666,1
0,0.117947616,0
1,0.5327094,0
0,0.19339809,0
0,0.61574256,1
1,0.7521275,1
1,0.09055562,0
0,0.32631877,0
1,0.85087395,1
0,0.4744229,0
0,0.21617284,0
0,0.20992559,0
0,0.7362832,1
0,0.26726896,0
0,0.28902084,0
1,0.6794237,1
0,0.5603251,1
1,0.17070378,0
0,0.054683995,0
0,0.8970012,1
1,0.5836493,1
0,0.276001,0
1,0.8951451,1
0,0.107906885,0
1,0.15460852,0
0,0.14624265,0
1,0.8515238,1
1,0.14855288,0
0,0.57730025,1
1,0.78057104,1
0,0.5941062,1
1,0.78726155,1
0,0.26097244,0
1,0.8520862,1
1,0.99217963,1
1,0.15477468,0
0,0.47016945,0
1,0.40530166,0
1,0.51336575,0
1,0.78859824,1
0,0.23009817,0
0,0.28538892,0
1,0.6997454,1
1,0.87480444,1
1,0.86659175,1
1,0.6566614,1
1,0.39816982,0
0,0.7030856,1
0,0.18105842,0
0,0.38321564,0
0,0.088954486,0
1,0.45664376,0
0,0.073990144,0
0,0.7459263,1
1,0.9029154,1
1,0.93506956,1
0,0.5972478,1
0,0.44860238,0
0,0.17123069,0
0,0.41411352,0
1,0.64325505,1
0,0.29059234,0
1,0.98427933,1
1,0.8053978,1
1,0.77992904,1
0,0.18155938,0
1,0.9020324,1
1,0.9004424,1
1,0.1708623,0
1,0.8260559,1
1,0.4294603,0
0,0.4190087,0
1,0.88075495,1
1,0.972315,1
1,0.49167657,0
1,0.5410946,1
1,0.85698473,1
0,0.22069189,0
0,0.17731161,0
1,0.5412394,1
0,0.5335666,0
0,0.83182055,1
0,0.012015624,0
1,0.78343195,1
0,0.7512892,1
1,0.7928411,1
0,0.8026378,1
0,0.066313095,0
0,0.6410243,1
1,0.21437995,0
0,0.5097792,0
1,0.5787346,1
1,0.72150743,1
0,0.036161426,0
0,0.54640156,1
0,0.76871705,1
0,0.45289236,0
1,0.9723212,1
1,0.67099035,1
1,0.27510664,0
1,0.28275684,0
0,0.2886565,0
0,0.51877946,0
0,0.6309644,1
1,0.49880236,0
1,0.8414222,1
0,0.1785815,0
0,0.6685341,1
0,0.04051338,0
1,0.47935155,0
1,0.7627492,1
0,0.60335106,1
0,0.010269993,0
0,0.24320172,0
1,0.7724523,1
0,0.07971176,0
1,0.53365743,0
1,0.8134725,1
1,0.95178384,1
0,0.1268062,0
1,0.97472274,1
0,0.6760228,1
1,0.7651558,1
0,0.41510528,0
0,0.26401973,0
1,0.7417707,1
1,0.3971718,0
0,0.6794673,1
1,0.78125787,1
0,0.5556885,1
0,0.32978618,0
1,0.5828342,1
1,0.9213753,1
0,0.5572499,1
0,0.3245807,0
1,0.7229266,1
1,0.7190641,1
1,0.48396546,0
1,0.56611603,1
1,0.50381815,0
1,0.8200312,1
1,0.7868075,1
0,0.53224486,0
0,0.09879001,0
0,0.35390145,0
1,0.15226623,0
1,0.7791864,1
0,0.24141358,0
1,0.5474413,1
0,0.119693704,0
0,0.22388375,0
1,0.23167974,0
1,0.79419774,1
1,0.8280441,1
0,0.29009986,0
0,0.033741094,0
0,0.3300299,0
1,0.86345714,1
1,0.29193172,0
1,0.41866148,0
1,0.87005585,1
0,0.4407,0
1,0.8425148,1
1,0.6010698,1
0,0.1347963,0
1,0.5924787,1
1,0.82384944,1
1,0.72865593,1
1,0.39471462,0
0,0.1939045,0
1,0.6606282,1
1,0.47233546,0
1,0.96007913,1
0,0.11685358,0
1,0.84351337,1
1,0.9357875,1
0,0.09898203,0
1,0.759417,1
1,0.9662457,1
0,0.09312872,0
1,0.6851582,1
1,0.7638289,1
0,0.10972506,0
0,0.85553974,1
1,0.9233992,1
0,0.4577144,0
0,0.4222664,0
0,0.67349845,1
1,0.41536033,0
1,0.8196374,1
1,0.26177973,0
1,0.7560237,1
1,0.92136276,1
0,0.37281227,0
1,0.49716976,0
1,0.9101047,1
0,0.12004186,0
1,0.7469846,1
1,0.4661435,0
1,0.9384078,1
1,0.80514085,1
0,0.4879273,0
0,0.5373353,0
0,0.12709743,0
0,0.16314425,0
1,0.5793207,1
0,0.13014816,0
1,0.27735722,0
1,0.5701834,1
1,0.09539622,0
0,0.13398425,0
1,0.47083667,0
0,0.3936419,0
0,0.09820321,0
0,0.53915673,0
1,0.71410006,1
0,0.11232398,0
1,0.58674943,1
1,0.90076023,1
1,0.6501788,1
1,0.19378968,0
0,0.18021226,0
1,0.43239272,0
0,0.16416135,0
0,0.44548953,0
0,0.5561464,1
1,0.3316896,0
1,0.5744447,1
0,0.054906018,0
0,0.3531359,0
1,0.68574256,1
1,0.4808547,0
1,0.7599659,1
1,0.5179072,0
0,0.40045458,0
0,0.114954114,0
1,0.941324,1
1,0.6767279,1
1,0.82854337,1
0,0.4420925,0
1,0.483515,0
0,0.20724538,0
0,0.045001686,0
0,0.40027425,0
0,0.81515884,1
1,0.86022997,1
1,0.8502141,1
1,0.56975883,1
1,0.31352887,0
0,0.062345766,0
1,0.9961079,1
1,0.3914092,0
0,0.14078614,0
0,0.47320372,0
0,0.48464534,0
0,0.26524284,0
1,0.8444409,1
1,0.69191366,1
1,0.81247634,1
1,0.22687542,0
1,0.30416948,0
0,0.5413026,1
1,0.53474677,0
0,0.2197935,0
1,0.39507785,0
0,0.42767206,0
0,0.56268364,1
1,0.59023774,1
1,0.58690363,1
1,0.9975859,1
0,0.38178745,0
0,0.05367648,0
1,0.53821456,0
1,0.7201286,1
1,0.80760354,1
0,0.47202185,0
1,0.74502224,1
1,0.7334996,1
1,0.54339564,1
1,0.77513444,1
0,0.5087916,0
0,0.25655338,0
0,0.32430395,0
1,0.10696766,0
1,0.19313456,0
1,0.67732084,1
0,0.19438258,0
1,0.9961267,1
0,0.31319603,0
0,0.6397026,1
0,0.1291701,0
0,0.32095715,0
1,0.5459692,1
1,0.5961748,1
0,0.5118272,0
1,0.8130505,1
1,0.9194071,1
1,0.838925,1
0,0.360303,0
1,0.2430087,0
1,0.7558662,1
0,0.11629777,0
1,0.9606029,1
1,0.7002209,1
1,0.7761475,1
1,0.76449597,1
1,0.6615819,1
0,0.45306692,0
0,0.21418467,0
0,0.19957854,0
0,0.6073691,1
0,0.46578556,0
1,0.5698946,1
1,0.16691001,0
1,0.82553566,1
1,0.2403043,0
0,0.19282858,0
1,0.5754552,1
0,0.5350364,0
1,0.7493463,1
1,0.7644286,1
0,0.53007543,0
0,0.1455825,0
1,0.30326295,0
0,0.5216165,0
0,0.2784572,0
1,0.82768726,1
0,0.29815793,0
1,0.89921236,1
1,0.7725295,1
1,0.7977039,1
0,0.75684464,1
1,0.22040169,0
0,0.5543694,1
1,0.87334603,1
0,0.27467507,0
1,0.552538,1
1,0.4676192,0
0,0.6347751,1
0,0.17079751,0
0,0.30125046,0
1,0.59676117,1
1,0.41979176,0
1,0.6370209,1
0,0.583338,1
1,0.78716207,1
1,0.917981,1
1,0.46543005,0
0,0.63714635,1
1,0.886819,1
1,0.4840232,0
0,0.56475776,1
0,0.31061217,0
0,0.38367736,0
1,0.4228177,0
1,0.3727359,0
1,0.78337985,1
1,0.47811905,0
1,0.5439811,1
1,0.5839738,1
0,0.019544827,0
0,0.21595807,0
0,0.3109158,0
1,0.7516688,1
1,0.75386167,1
1,0.33086064,0
1,0.8369339,1
0,0.29742655,0
0,0.29242474,0
0,0.14703293,0
1,0.9540367,1
0,0.11337048,0
0,0.7086632,1
0,0.4067849,0
0,0.074335754,0
0,0.09828749,0
0,0.25954297,0
1,0.122017965,0
1,0.78981555,1
0,0.11306689,0
1,0.9634323,1
1,0.34098026,0
1,0.7803283,1
0,0.16626316,0
0,0.819474,1
0,0.043275222,0
1,0.5499446,1
0,0.037619587,0
1,0.8264335,1
1,0.6540578,1
0,0.08793273,0
1,0.94439197,1
1,0.3809394,0
0,0.47030947,0
0,0.24791703,0
1,0.63760597,1
1,0.808708,1
0,0.12212193,0
0,0.105680585,0
0,0.5367401,0
1,0.5957939,1
0,0.07147124,0
0,0.08146483,0
0,0.1404731,0
1,0.2711557,0
1,0.5146013,0
0,0.23923877,0
0,0.23580998,0
0,0.13962266,0
0,0.34823546,0
1,0.7565886,1
1,0.7526207,1
0,0.5236605,0
0,0.030683268,0
1,0.32714644,0
1,0.5681306,1
1,0.74964744,1
0,0.5789696,1
0,0.59694034,1
1,0.92836624,1
1,0.61676353,1
0,0.101927616,0
1,0.68858105,1
0,0.6985151,1
0,0.718569,1
1,0.87660694,1
0,0.21525505,0
0,0.75886905,1
0,0.015330399,0
1,0.7669323,1
0,0.41852522,0
1,0.8543075,1
0,0.05150836,0
1,0.7904099,1
0,0.16682501,0
1,0.8395483,1
1,0.48720646,0
1,0.54701483,1
1,0.75453734,1
1,0.53495455,0
0,0.09129086,0
1,0.9717399,1
0,0.47775152,0
0,0.65500903,1
0,0.54993445,1
0,0.37403938,0
0,0.6822554,1
1,0.9586916,1
0,0.70173573,1
1,0.6707584,1
0,0.40624452,0
0,0.2436178,0
0,0.38506973,0
0,0.24659427,0
1,0.5649286,1
1,0.10243057,0
0,0.09813037,0
1,0.34812915,0
0,0.04237495,0
1,0.6843764,1
1,0.49646276,0
0,0.48839858,0
0,0.10542757,0
0,0.29758734,0
1,0.51011604,0
0,0.2543028,0
0,0.13401715,0
0,0.07652103,0
0,0.3420682,0
1,0.6386028,1
1,0.819079,1
0,0.12672782,0
0,0.5299445,0
0,0.31807896,0
0,0.24964678,0
1,0.8370414,1
1,0.79357123,1
1,0.6683237,1
0,0.51677996,0
1,0.42502293,0
0,0.31168467,0
0,0.5283134,0
1,0.9278326,1
0,0.78620267,1
1,0.66398567,1
1,0.89118814,1
0,0.21695642,0
0,0.19886275,0
1,0.8301346,1
0,0.19798686,0
0,0.5307914,0
1,0.5667655,1
1,0.6031503,1
0,0.4561039,0
1,0.566706,1
0,0.45994824,0
1,0.37631813,0
1,0.69011974,1
1,0.69550455,1
0,0.3662399,0
1,0.62433195,1
0,0.31890953,0
1,0.8449153,1
1,0.27386248,0
0,0.14692347,0
0,0.269438,0
1,0.8158,1
1,0.8818313,1
1,0.75675356,1
1,0.56911135,1
0,0.110764444,0
0,0.3765646,0
1,0.13209052,0
1,0.9088182,1
0,0.10519413,0
0,0.64223087,1
0,0.16320546,0
1,0.60114515,1
1,0.8569197,1
0,0.42215168,0
0,0.13148856,0
0,0.28063148,0
1,0.62927014,1
0,0.07229724,0
0,0.024223603,0
1,0.26727572,0
1,0.69347304,1
0,0.91060627,1
1,0.68334347,1
0,0.3092315,0
0,0.20688811,0
0,0.2506532,0
0,0.32482117,0
1,0.67002267,1
1,0.6250352,1
0,0.44981906,0
1,0.72534865,1
0,0.38520727,0
0,0.4844672,0
1,0.7650778,1
1,0.17214426,0
0,0.30350885,0
1,0.5394274,0
0,0.17676502,0
1,0.4748971,0
1,0.36510834,0
0,0.22091208,0
1,0.68287563,1
0,0.11943013,0
0,0.47158232,0
1,0.8269153,1
0,0.3068583,0
1,0.23428193,0
1,0.25531417,0
1,0.5882564,1
0,0.26796046,0
1,0.568612,1
0,0.09578174,0
1,0.39212808,0
0,0.2135872,0
0,0.0842548,0
1,0.9393904,1
1,0.6440147,1
0,0.87986785,1
1,0.8375279,1
0,0.12888435,0
0,0.08294221,0
0,0.5372692,0
1,0.6968793,1
1,0.69606006,1
0,0.369375,0
0,0.42841187,0
0,0.46792546,0
1,0.29909047,0
0,0.84379345,1
1,0.80497026,1
1,0.46086147,0
0,0.41951287,0
1,0.9536776,1
1,0.55655134,1
1,0.87637997,1
0,0.19302493,0
0,0.65185535,1
1,0.567915,1
1,0.82696486,1
1,0.6566222,1
0,0.45448372,0
1,0.62326616,1
1,0.5711048,1
1,0.64618635,1
0,0.4860397,0
1,0.581409,1
0,0.29063836,0
1,0.8043144,1
0,0.64342946,1
0,0.7841005,1
1,0.55618864,1
1,0.87991166,1
0,0.23148309,0
0,0.25335997,0
0,0.5434198,1
1,0.63824964,1
0,0.38323322,0
0,0.4811696,0
1,0.718464,1
1,0.74578357,1
1,0.3935499,0
0,0.177755,0
1,0.2898363,0
1,0.7288954,1
0,0.13794392,0
0,0.40694728,0
0,0.48486143,0
1,0.85137206,1
0,0.4966281,0
1,0.30012545,0
0,0.82521486,1
0,0.15247749,0
0,0.31228736,0
0,0.42595413,0
0,0.4286858,0
1,0.5946627,1
1,0.76582444,1
0,0.47029096,0
0,0.5969333,1
1,0.7652894,1
0,0.24200018,0
1,0.92747796,1
0,0.18206717,0
0,0.7795963,1
0,0.42752695,0
0,0.35235167,0
0,0.35372722,0
0,0.29244938,0
1,0.30329624,0
1,0.60825473,1
0,0.3714654,0
0,0.45741248,0
0,0.4336695,0
1,0.8209654,1
0,0.4416485,0
0,0.08014842,0
1,0.805242,1
1,0.4048158,0
0,0.3207126,0
1,0.6481391,1
1,0.81399125,1
0,0.18529725,0
1,0.32843,0
0,0.5191084,0
0,0.44232586,0
0,0.15833274,0
1,0.6826798,1
1,0.7736503,1
1,0.78849936,1
1,0.40477237,0
1,0.9082602,1
1,0.5670394,1
1,0.68751806,1
0,0.4394169,0
1,0.3963935,0
1,0.90728605,1
0,0.4180639,0
0,0.64946955,1
0,0.589583,1
1,0.9635155,1
1,0.39886704,0
0,0.11691969,0
0,0.34663612,0
0,0.2847553,0
1,0.5827906,1
1,0.4907062,0
1,0.9377169,1
0,0.013481391,0
0,0.6517108,1
0,0.08833196,0
0,0.5169936,0
1,0.37964213,0
1,0.2864384,0
1,0.8978118,1
0,0.18982124,0
0,0.07139436,0
0,0.32824525,0
0,0.4812156,0
0,0.32499245,0
1,0.7547239,1
1,0.9738482,1
1,0.62050664,1
0,0.04977892,0
0,0.5231829,0
1,0.57872576,1
0,0.51695424,0
1,0.34349322,0
0,0.17501703,0
1,0.90160733,1
0,0.27193457,0
0,0.47784734,0
1,0.73485416,1
1,0.26648137,0
1,0.78508794,1
0,0.6958525,1
1,0.28506556,0
0,0.5081429,0
0,0.3652823,0
0,0.21037911,0
1,0.6429152,1
1,0.8103819,1
1,0.7703792,1
1,0.19002426,0
0,0.1908298,0
0,0.30768377,0
1,0.93472695,1
0,0.83571976,1
1,0.88351655,1
1,0.51021266,0
0,0.74792045,1
0,0.55662477,1
1,0.55694664,1
0,0.2060811,0
1,0.8214591,1
0,0.01825749,0
1,0.9695802,1
1,0.55791736,1
0,0.5930074,1
0,0.598101,1
0,0.0016291793,0
1,0.61340237,1
1,0.22622201,0
0,0.235321,0
0,0.049826905,0
0,0.4034465,0
1,0.89829695,1
0,0.72368765,1
0,0.6810665,1
0,0.37352294,0
0,0.2422147,0
1,0.7703936,1
1,0.928789,1
1,0.7066448,1
0,0.16302976,0
0,0.1318066,0
1,0.5857211,1
0,0.49539286,0
1,0.55610096,1
0,0.28907132,0
0,0.38836405,0
1,0.75919086,1
0,0.58391315,1
1,0.24003668,0
0,0.24392985,0
0,0.0064629996,0
1,0.9190015,1
1,0.6258953,1
0,0.72567195,1
1,0.917609,1
1,0.6423985,1
1,0.725815,1
1,0.5780292,1
1,0.7740754,1
1,0.21394913,0
1,0.74696684,1
1,0.6029977,1
1,0.842232,1
0,0.86541307,1
1,0.8923062,1
0,0.1768985,0
1,0.87530315,1
0,0.52733964,0
0,0.1260307,0
0,0.37539145,0
1,0.7805278,1
0,0.80636764,1
0,0.23919438,0
1,0.63095605,1
0,0.25353068,0
1,0.6052743,1
1,0.27113655,0
1,0.4841297,0
0,0.17075323,0
0,0.67933035,1
1,0.4976621,0
0,0.63677365,1
1,0.32713917,0
1,0.8035049,1
0,0.42832562,0
0,0.13444644,0
1,0.6473356,1
0,0.2832566,0
1,0.8425487,1
0,0.5341472,0
0,0.3946483,0
0,0.7549577,1
1,0.7900052,1
0,0.21478283,0
0,0.3600505,0
0,0.42526552,0
0,0.3119587,0
0,0.2754562,0
0,0.30095342,0
0,0.24414669,0
0,0.5247363,0
1,0.42942908,0
1,0.6688021,1
0,0.23022917,0
1,0.7534504,1
0,0.11363081,0
1,0.43099087,0
1,0.92054975,1
1,0.34199008,0
1,0.4600827,0
1,0.76171386,1
0,0.4325771,0
0,0.32373795,0
0,0.46631947,0
0,0.09653758,0
0,0.06244678,0
0,0.23873165,0
1,0.44226032,0
0,0.52392924,0
1,0.74408054,1
0,0.09349984,0
1,0.7754813,1
1,0.51081896,0
1,0.22144859,0
0,0.2785703,0
1,0.5843409,1
0,0.5908761,1
0,0.3489007,0
0,0.5215933,0
1,0.73327476,1
1,0.7353905,1
1,0.6376391,1
1,0.80390006,1
0,0.52291983,0
0,0.4835558,0
1,0.4084646,0
1,0.6975008,1
0,0.36949804,0
0,0.12346984,0
0,0.32184914,0
0,0.39654973,0
1,0.6980644,1
1,0.55101067,1
0,0.72877294,1
1,0.8420238,1
1,0.6783191,1
1,0.827401,1
1,0.7889223,1
0,0.9467205,1
1,0.78876996,1
1,0.46028587,0
0,0.21576688,0
1,0.62786084,1
1,0.7667143,1
1,0.79413736,1
0,0.25940832,0
0,0.63370615,1
1,0.8708319,1
1,0.28094992,0
1,0.96538514,1
0,0.0031398167,0
1,0.60855615,1
1,0.7137757,1
1,0.800344,1
0,0.04162273,0
1,0.42034525,0
0,0.04385623,0
0,0.055948146,0
1,0.5577696,1
0,0.17521915,0
0,0.10572987,0
0,0.11837101,0
0,0.36606365,0
0,0.1113552,0
0,0.32114443,0
0,0.04606789,0
0,0.00034407555,0
0,0.13518572,0
0,0.40290695,0
1,0.8701048,1
0,0.15074776,0
0,0.44989523,0
0,0.25616443,0
0,0.31910834,0
1,0.5216017,0
0,0.39695588,0
1,0.59385926,1
1,0.51267856,0
0,0.18468703,0
0,0.3478893,0
0,0.20054047,0
1,0.9784183,1
0,0.6599759,1
0,0.34997785,0
1,0.66680753,1
0,0.3458107,0
0,0.46272197,0
0,0.5566627,1
0,0.6839197,1
1,0.9836025,1
0,0.27864844,0
0,0.535977,0
1,0.31804487,0
1,0.5344865,0
1,0.5411306,1
0,0.6146634,1
0,0.47563538,0
0,0.46456847,0
1,0.944453,1
1,0.4631816,0
0,0.42449057,0
1,0.87685156,1
1,0.21101604,0
1,0.4887757,0
0,0.8357613,1
0,0.15361887,0
1,0.9663068,1
0,0.06888783,0
0,0.3579445,0
1,0.9076798,1
1,0.6643103,1
1,0.7346182,1
1,0.37191823,0
1,0.9693124,1
1,0.37242824,0
1,0.994756,1
0,0.65682685,1
0,0.20695177,0
0,0.16194993,0
0,0.4631947,0
1,0.72387516,1
0,0.8030372,1
1,0.3456752,0
0,0.41852534,0
1,0.6446212,1
0,0.61235344,1
1,0.43699643,0
0,0.27873015,0
0,0.17201708,0
1,0.5291741,0
0,0.42523772,0
0,0.25136447,0
1,0.8532004,1
1,0.40277246,0
1,0.567055,1
0,0.6302493,1
1,0.30886364,0
1,0.7175032,1
0,0.32176167,0
1,0.5843915,1
0,0.54360276,1
0,0.7829828,1
0,0.36142707,0
0,0.68424726,1
0,0.41877645,0
1,0.6908834,1
0,0.32106712,0
1,0.33843666,0
1,0.27304682,0
1,0.41684628,0
0,0.114496864,0
0,0.8461775,1
1,0.5499494,1
1,0.80465853,1
1,0.49523282,0
1,0.7411229,1
0,0.2296923,0
0,0.36984953,0
1,0.62779623,1
1,0.60224545,1
0,0.81895006,1
1,0.45945877,0
0,0.12172429,0
0,0.31700137,0
0,0.31058756,0
1,0.46190882,0
1,0.67609006,1
0,0.27925107,0
0,0.77748233,1
1,0.79747266,1
0,0.06417667,0
1,0.48798192,0
1,0.117211595,0
0,0.12911604,0
0,0.0874656,0
1,0.46128976,0
1,0.5604471,1
1,0.5995872,1
0,0.24141346,0
0,0.27770287,0
0,0.5882801,1
0,0.74274707,1
0,0.24034266,0
0,0.2999442,0
1,0.47152346,0
1,0.37079385,0
1,0.8407592,1
1,0.55180496,1
1,0.9255188,1
0,0.23090193,0
0,0.5316923,0
0,0.228772,0
0,0.08205773,0
0,0.29969224,0
0,0.3372084,0
0,0.47712547,0
1,0.23362859,0
0,0.8425514,1
1,0.34797278,0
1,0.71047777,1
0,0.6781716,1
0,0.5921338,1
1,0.7281252,1
0,0.69596684,1
1,0.7159944,1
0,0.28396627,0
0,0.3327349,0
1,0.4291858,0
1,0.21976402,0
1,0.63343084,1
1,0.6886834,1
0,0.4139615,0
1,0.15056568,0
0,0.32543603,0
1,0.6198363,1
1,0.9532649,1
0,0.24296866,0
1,0.8690056,1
0,0.17001967,0
0,0.566682,1
0,0.08146603,0
1,0.6359148,1
1,0.92452663,1
1,0.5917286,1
1,0.7371516,1
0,0.53537136,0
1,0.8040669,1
0,0.22099315,0
1,0.29053617,0
1,0.4643662,0
0,0.3479896,0
0,0.25257048,0
0,0.17801784,0
0,0.010089911,0
1,0.65440303,1
0,0.32688355,0
1,0.6155414,1
1,0.8472185,1
1,0.59503436,1
1,0.6622644,1
1,0.5614314,1
1,0.6848331,1
1,0.72219795,1
0,0.19260825,0
0,0.42841452,0
1,0.8906442,1
1,0.7552619,1
0,0.3497981,0
1,0.43302256,0
1,0.9827724,1
0,0.78208363,1
0,0.639661,1
1,0.91505367,1
1,0.9058438,1
1,0.72414505,1
1,0.7086965,1
1,0.4551312,0
0,0.108036466,0
1,0.61019266,1
0,0.05127057,0
0,0.8281151,1
0,0.057978828,0
1,0.86663747,1
0,0.10923258,0
1,0.7060614,1
1,0.45774043,0
0,0.21132724,0
1,0.52624327,0
1,0.9749474,1
1,0.47722882,0
0,0.38339475,0
0,0.51813865,0
1,0.4810664,0
1,0.778595,1
1,0.7679108,1
1,0.40083593,0
1,0.4084142,0
1,0.45075488,0
1,0.62785244,1
0,0.19811372,0
0,0.65670925,1
1,0.69521725,1
0,0.8796199,1
1,0.30630034,0
1,0.565019,1
0,0.275111,0
1,0.5375515,0
0,0.50445026,0
0,0.2784248,0
1,0.95455486,1
1,0.84505516,1
1,0.88127667,1
1,0.53308165,0
1,0.62538683,1
1,0.6946579,1
0,0.25876242,0
1,0.9029709,1
0,0.499908,0
1,0.79020464,1
0,0.083575204,0
1,0.5990558,1
0,0.41758472,0
1,0.6198069,1
1,0.84788585,1
0,0.1485846,0
0,0.09799164,0
1,0.9559773,1
0,0.10786881,0
1,0.8124339,1
0,0.46374536,0
1,0.77133524,1
1,0.57168955,1
1,0.9345089,1
1,0.22528121,0
1,0.66995746,1
0,0.07585995,0
0,0.68240774,1
0,0.46190333,0
0,0.591151,1
1,0.47545275,0
0,0.78221107,1
1,0.82571745,1
1,0.4258505,0
0,0.17779528,0
1,0.15824267,0
1,0.60370517,1
0,0.621433,1
0,0.037018754,0
0,0.71894443,1
1,0.76155406,1
0,0.1975552,0
1,0.45750576,0
0,0.29807505,0
1,0.18717304,0
0,0.7044703,1
1,0.6527011,1
0,0.5543809,1
1,0.8887933,1
0,0.369024,0
0,0.48459315,0
0,0.67623526,1
1,0.7220591,1
1,0.72072345,1
0,0.28458047,0
1,0.9323079,1
0,0.5909353,1
1,0.617366,1
0,0.09852843,0
0,0.118463,0
1,0.6971015,1
0,0.62720954,1
0,0.19475648,0
0,0.31490183,0
0,0.42047608,0
0,0.8758342,1
1,0.31301376,0
1,0.6471653,1
0,0.4209676,0
1,0.76155156,1
1,0.7319947,1
0,0.6890929,1
0,0.49246874,0
0,0.5594839,1
1,0.95243603,1
0,0.14928114,0
1,0.59571224,1
0,0.48366296,0
1,0.6541931,1
0,0.11026887,0
0,0.6168264,1
1,0.8855632,1
0,0.5208293,0
1,0.7635316,1
1,0.712098,1
1,0.6023069,1
0,0.40663216,0
0,0.10595897,0
0,0.4665087,0
1,0.6099712,1
0,0.01966361,0
1,0.84996665,1
0,0.10485516,0
1,0.51829493,0
0,0.03264062,0
0,0.2632289,0
0,0.15861408,0
0,0.25405952,0
0,0.7216364,1
1,0.40107173,0
1,0.9093145,1
0,0.11230339,0
0,0.47844082,0
1,0.84114796,1
1,0.7397968,1
0,0.46426442,0
0,0.6870287,1
1,0.555955,1
0,0.7256932,1
0,0.674921,1
1,0.6351262,1
0,0.3265975,0
0,0.06767019,0
1,0.6626971,1
0,0.06044552,0
0,0.298505,0
1,0.6510987,1
0,0.120146975,0
0,0.01614494,0
1,0.4712607,0
1,0.47256088,0
1,0.18953426,0
1,0.9932955,1
0,0.11413979,0
1,0.77433544,1
1,0.14269385,0
1,0.5944876,1
0,0.67534286,1
1,0.8379886,1
0,0.2733998,0
1,0.67522275,1
0,0.51330703,0
1,0.8744231,1
1,0.5686844,1
1,0.6178514,1
0,0.17455047,0
0,0.3505047,0
1,0.74263465,1
0,0.0133904675,0
0,0.51300186,0
1,0.43711612,0
1,0.6389165,1
0,0.37298307,0
1,0.73966897,1
0,0.4137897,0
1,0.7873605,1
0,0.45485702,0
0,0.67071337,1
1,0.6494734,1
0,0.76049644,1
0,0.39652452,0
0,0.012278381,0
0,0.030527055,0
1,0.53813696,0
0,0.22443171,0
1,0.4908371,0
0,0.29262206,0
0,0.67816573,1
0,0.5255441,0
1,0.77159286,1
0,0.6281085,1
1,0.9251344,1
0,0.121674754,0
0,0.5178136,0
1,0.50224155,0
1,0.82867956,1
0,0.22188744,0
1,0.56495637,1
1,0.5456652,1
0,0.25791845,0
0,0.1318311,0
1,0.69998,1
1,0.18172164,0
0,0.33724478,0
1,0.23904066,0
0,0.083874285,0
0,0.3058924,0
1,0.593781,1
0,0.3001864,0
1,0.5135611,0
1,0.9463558,1
1,0.6200765,1
1,0.56770223,1
1,0.6211248,1
0,0.18265939,0
0,0.030229494,0
0,0.6721173,1
0,0.24527222,0
0,0.13993286,0
0,0.65563124,1
0,0.5435804,1
0,0.1417277,0
1,0.72458166,1
0,0.36003584,0
1,0.75906104,1
1,0.6560773,1
1,0.7210198,1
0,0.64341223,1
0,0.13202898,0
1,0.3900385,0
1,0.45431527,0
1,0.7530061,1
1,0.7953006,1
0,0.075569645,0
0,0.23163976,0
0,0.22278789,0
0,0.12636097,0
1,0.839188,1
1,0.6142115,1
0,0.2226815,0
1,0.4438846,0
1,0.67231804,1
1,0.6090526,1
1,0.2164972,0
0,0.7705116,1
1,0.44730112,0
1,0.2704517,0
1,0.51646096,0
0,0.059512813,0
1,0.81050146,1
1,0.5193692,0
1,0.21503296,0
1,0.7469223,1
0,0.046564367,0
1,0.97182184,1
0,0.16431513,0
0,0.48049057,0
0,0.019736478,0
0,0.90782696,1
1,0.735303,1
1,0.3914807,0
1,0.7073554,1
1,0.8673431,1
1,0.7815894,1
0,0.11194456,0
0,0.02989862,0
1,0.4183282,0
0,0.0043802294,0
1,0.6847889,1
1,0.4669206,0
0,0.27376053,0
0,0.36983103,0
1,0.6908122,1
0,0.2699133,0
1,0.5090941,0
0,0.083861016,0
0,0.8307608,1
0,0.35756683,0
0,0.12335999,0
0,0.7947218,1
0,0.83117676,1
1,0.7446411,1
1,0.6962778,1
1,0.75644076,1
1,0.9454943,1
0,0.2978764,0
0,0.30444238,0
1,0.9187177,1
0,0.39199463,0
0,0.5327869,0
1,0.46245724,0
1,0.8329746,1
0,0.25430727,0
0,0.014340461,0
1,0.4537585,0
0,0.5478735,1
1,0.6649049,1
1,0.62285775,1
0,0.15496632,0
0,0.15008517,0
0,0.5526909,1
1,0.830927,1
0,0.35624015,0
0,0.48882934,0
1,0.6980169,1
0,0.057046015,0
0,0.46911582,0
0,0.08460938,0
0,0.10212663,0
1,0.54080915,1
0,0.53676605,0
1,0.5483821,1
1,0.5881374,1
0,0.40080178,0
0,0.17113766,0
1,0.88171184,1
0,0.27973813,0
1,0.7320072,1
1,0.8424234,1
0,0.6788044,1
1,0.84736454,1
0,0.35663587,0
1,0.7322898,1
1,0.7086762,1
0,0.2829077,0
0,0.45034307,0
1,0.8009735,1
0,0.5378922,0
0,0.43143553,0
0,0.04377778,0
0,0.48883113,0
0,0.15497364,0
1,0.7022661,1
0,0.0874937,0
0,0.08767628,0
0,0.14589411,0
0,0.88476974,1
1,0.689736,1
1,0.9451075,1
0,0.31313023,0
1,0.9193515,1
1,0.45236814,0
0,0.35891208,0
1,0.5171477,0
0,0.06552443,0
1,0.980663,1
0,0.3993771,0
0,0.244252,0
0,0.13834092,0
1,0.30074483,0
0,0.5055964,0
1,0.7008829,1
1,0.59484416,1
1,0.20384406,0
1,0.48567086,0
1,0.8882723,1
1,0.74188566,1
1,0.728285,1
1,0.25302884,0
1,0.93970686,1
0,0.6911865,1
0,0.49276173,0
1,0.49497673,0
0,0.073113374,0
1,0.6407147,1
1,0.38446182,0
0,0.16410592,0
0,0.5071977,0
0,0.364175,0
1,0.91971606,1
0,0.4870963,0
1,0.3698628,0
1,0.86102796,1
0,0.37044963,0
0,0.27052715,0
1,0.7683874,1
1,0.83338916,1
0,0.30535483,0
1,0.8998871,1
1,0.6233002,1
0,0.59315807,1
1,0.9635755,1
0,0.58994037,1
0,0.34040764,0
1,0.87823963,1
0,0.5041727,0
0,0.4758082,0
1,0.3830042,0
1,0.7776469,1
0,0.5087876,0
0,0.7553362,1
1,0.5023736,0
1,0.6441637,1
1,0.8522175,1
0,0.05156333,0
0,0.07836733,0
0,0.29561284,0
0,0.07612529,0
0,0.64222133,1
0,0.11885823,0
0,0.036634557,0
1,0.48804015,0
0,0.18840244,0
1,0.6628713,1
0,0.28628722,0
0,0.13747205,0
0,0.8812859,1
0,0.4069229,0
0,0.12563689,0
1,0.6062084,1
0,0.16712779,0
1,0.1213109,0
1,0.7166475,1
1,0.83478415,1
0,0.56572866,1
0,0.68839556,1
1,0.6074045,1
0,0.13702397,0
0,0.15297256,0
1,0.7740159,1
1,0.8433918,1
1,0.7326631,1
1,0.71709865,1
0,0.7202586,1
0,0.33751798,0
0,0.7005696,1
0,0.38675973,0
0,0.12286149,0
0,0.09707338,0
1,0.7509985,1
0,0.45097923,0
1,0.46590602,0
0,0.38594553,0
0,0.5088273,0
1,0.44025669,0
0,0.42529118,0
0,0.5565432,1
0,0.030065205,0
0,0.15781891,0
0,0.35312182,0
0,0.5764865,1
0,0.5235114,0
0,0.22046578,0
0,0.4871729,0
1,0.04577775,0
0,0.17099337,0
1,0.9208897,1
0,0.13760939,0
0,0.06574873,0
1,0.5218683,0
1,0.71512854,1
0,0.09570021,0
1,0.69969404,1
0,0.55031407,1
0,0.4401238,0
0,0.72559386,1
1,0.8269368,1
1,0.866268,1
0,0.548691,1
0,0.21927401,0
0,0.53917044,0
1,0.5362428,0
1,0.95653266,1
1,0.8879755,1
1,0.34168273,0
